"id";"cliente_id";"tipo";"nota";"proxima_accion";"fecha_proxima";"fecha";"asesor"
1;"800112169";"LLAMADA";"SE LLAMA AL CLIENTE";"NO TIENE REQUERIMIENTOS";"2026-04-26";"2026-04-21 00:00:00";"JUAN VICENTE PAEZ OSPINA"
2;"800141257";"LLAMADA";"SE LLAMA AL CLIENTE";"NO TIENE REQUERIMIENTOS";"2026-04-26";"2026-04-21 00:00:00";"JUAN VICENTE PAEZ OSPINA"
3;"890103697";"LLAMADA";"SE LLAMA AL CLIENTE";"NO TIENE REQUERIMIENTOS";"2026-04-26";"2026-04-21 00:00:00";"JUAN VICENTE PAEZ OSPINA"
4;"900422814";"LLAMADA";"SE LLAMA AL CLIENTE";"NO TIENE REQUERIMIENTOS";"2026-04-26";"2026-04-21 00:00:00";"JUAN VICENTE PAEZ OSPINA"
5;"900630301";"LLAMADA";"SE LLAMA AL CLIENTE";"NO TIENE REQUERIMIENTOS";"2026-04-26";"2026-04-21 00:00:00";"JUAN VICENTE PAEZ OSPINA"
6;"900688562";"LLAMADA";"SE LLAMA AL CLIENTE";"NO TIENE REQUERIMIENTOS";"2026-04-26";"2026-04-21 00:00:00";"JUAN VICENTE PAEZ OSPINA"
7;"900704010";"LLAMADA";"SE LLAMA AL CLIENTE";"NO TIENE REQUERIMIENTOS";"2026-04-26";"2026-04-21 00:00:00";"JUAN VICENTE PAEZ OSPINA"
8;"900928850";"LLAMADA";"SE LLAMA AL CLIENTE";"3 INTENTOS NO RESPONDE";"2026-04-26";"2026-04-21 00:00:00";"JUAN VICENTE PAEZ OSPINA"
9;"901185503";"LLAMADA";"SE LLAMA AL CLIENTE";"NO TIENE REQUERIMIENTOS";"2026-04-26";"2026-04-21 00:00:00";"JUAN VICENTE PAEZ OSPINA"
10;"901328488";"LLAMADA";"SE LLAMA AL CLIENTE";"NO TIENE REQUERIMIENTOS";"2026-04-26";"2026-04-21 00:00:00";"JUAN VICENTE PAEZ OSPINA"
11;"901476075";"LLAMADA";"SE LLAMA AL CLIENTE";"NO TIENE REQUERIMIENTOS";"2026-04-26";"2026-04-21 00:00:00";"JUAN VICENTE PAEZ OSPINA"
12;"901529116";"LLAMADA";"SE LLAMA AL CLIENTE";"NO TIENE REQUERIMIENTOS";"2026-04-26";"2026-04-21 00:00:00";"JUAN VICENTE PAEZ OSPINA"
13;"15247371";"LLAMADA";"SE LLAMA AL CLIENTE";"POR AHORA NO NECESITA NADA";"2026-04-27";"2026-04-22 00:00:00";"JUAN VICENTE PAEZ OSPINA"
14;"800218613";"LLAMADA";"SE LLAMA AL CLIENTE";"POR AHORA NO NECESITA NADA";"2026-04-27";"2026-04-22 00:00:00";"JUAN VICENTE PAEZ OSPINA"
15;"802024688";"LLAMADA";"SE LLAMA AL CLIENTE";"NO RESPONDE";"2026-04-27";"2026-04-22 00:00:00";"JUAN VICENTE PAEZ OSPINA"
16;"830019298";"LLAMADA";"SE LLAMA AL CLIENTE";"POR AHORA NO NECESITA NADA";"2026-04-27";"2026-04-22 00:00:00";"JUAN VICENTE PAEZ OSPINA"
17;"830080022";"LLAMADA";"SE LLAMA AL CLIENTE";"POR AHORA NO NECESITA NADA";"2026-04-27";"2026-04-22 00:00:00";"JUAN VICENTE PAEZ OSPINA"
18;"890101181";"LLAMADA";"SE LLAMA AL CLIENTE";"POR AHORA NO NECESITA NADA";"2026-04-27";"2026-04-22 00:00:00";"JUAN VICENTE PAEZ OSPINA"
19;"900007233";"LLAMADA";"SE LLAMA AL CLIENTE";"POR AHORA NO NECESITA NADA";"2026-04-27";"2026-04-22 00:00:00";"JUAN VICENTE PAEZ OSPINA"
20;"900077267";"LLAMADA";"SE LLAMA AL CLIENTE";"POR AHORA NO NECESITA NADA";"2026-04-27";"2026-04-22 00:00:00";"JUAN VICENTE PAEZ OSPINA"
21;"900122962";"LLAMADA";"SE LLAMA AL CLIENTE";"POR AHORA NO NECESITA NADA";"2026-04-27";"2026-04-22 00:00:00";"JUAN VICENTE PAEZ OSPINA"
22;"900421219";"LLAMADA";"SE LLAMA AL CLIENTE";"POR AHORA NO NECESITA NADA";"2026-04-27";"2026-04-22 00:00:00";"JUAN VICENTE PAEZ OSPINA"
23;"900439672";"LLAMADA";"SE LLAMA AL CLIENTE";"POR AHORA NO NECESITA NADA";"2026-04-27";"2026-04-22 00:00:00";"JUAN VICENTE PAEZ OSPINA"
24;"900505216";"LLAMADA";"SE LLAMA AL CLIENTE";"POR AHORA NO NECESITA NADA";"2026-04-27";"2026-04-22 00:00:00";"JUAN VICENTE PAEZ OSPINA"
25;"901017839";"LLAMADA";"SE LLAMA AL CLIENTE";"POR AHORA NO NECESITA NADA";"2026-04-27";"2026-04-22 00:00:00";"JUAN VICENTE PAEZ OSPINA"
26;"901128710";"LLAMADA";"SE LLAMA AL CLIENTE";"NO RESPONDE";"2026-04-27";"2026-04-22 00:00:00";"JUAN VICENTE PAEZ OSPINA"
27;"901142631";"LLAMADA";"SE LLAMA AL CLIENTE";"POR AHORA NO NECESITA NADA";"2026-04-27";"2026-04-22 00:00:00";"JUAN VICENTE PAEZ OSPINA"
28;"901205445";"LLAMADA";"SE LLAMA AL CLIENTE";"POR AHORA NO NECESITA NADA";"2026-04-27";"2026-04-22 00:00:00";"JUAN VICENTE PAEZ OSPINA"
29;"901337193";"LLAMADA";"SE LLAMA AL CLIENTE";"NO RESPONDE";"2026-04-27";"2026-04-22 00:00:00";"JUAN VICENTE PAEZ OSPINA"
30;"901558721";"LLAMADA";"SE LLAMA AL CLIENTE";"POR AHORA NO NECESITA NADA";"2026-04-27";"2026-04-22 00:00:00";"JUAN VICENTE PAEZ OSPINA"
31;"79970667";"LLAMADA";"CLIENTE LLAMA";"SE LE ENVIA LA OFERTAS 2600191";"2026-04-28";"2026-04-23 00:00:00";"JUAN VICENTE PAEZ OSPINA"
32;"800251165";"LLAMADA";"CLIENTE LLAMA";"SE LE ENVIAN LAS OFERTAS 2600189 Y 2600190, HACEN EL PEDIDO DE LA 2600191";"2026-04-28";"2026-04-23 00:00:00";"JUAN VICENTE PAEZ OSPINA"
33;"800210828";"LLAMADA";"SE LLAMA AL CLIENTE";"NO RESPONDE";"2026-04-28";"2026-04-23 00:00:00";"JUAN VICENTE PAEZ OSPINA"
34;"830110454";"LLAMADA";"SE LLAMA AL CLIENTE";"NO RESPONDE";"2026-04-28";"2026-04-23 00:00:00";"JUAN VICENTE PAEZ OSPINA"
35;"860030640";"LLAMADA";"SE LLAMA AL CLIENTE";"NO RESPONDE";"2026-04-28";"2026-04-23 00:00:00";"JUAN VICENTE PAEZ OSPINA"
36;"860043787";"LLAMADA";"SE LLAMA AL CLIENTE";"CLIENTE NO TIENE PROYECTOS ACTUALMENTE";"2026-04-28";"2026-04-23 00:00:00";"JUAN VICENTE PAEZ OSPINA"
37;"860530147";"LLAMADA";"SE LLAMA AL CLIENTE";"CLIENTE NO TIENE PROYECTOS ACTUALMENTE";"2026-04-28";"2026-04-23 00:00:00";"JUAN VICENTE PAEZ OSPINA"
38;"900403084";"LLAMADA";"SE LLAMA AL CLIENTE";"CLIENTE NO TIENE PROYECTOS ACTUALMENTE";"2026-04-28";"2026-04-23 00:00:00";"JUAN VICENTE PAEZ OSPINA"
39;"900409769";"LLAMADA";"SE LLAMA AL CLIENTE";"NO RESPONDE";"2026-04-28";"2026-04-23 00:00:00";"JUAN VICENTE PAEZ OSPINA"
40;"900490484";"LLAMADA";"SE LLAMA AL CLIENTE";"NO RESPONDE";"2026-04-28";"2026-04-23 00:00:00";"JUAN VICENTE PAEZ OSPINA"
41;"900558044";"LLAMADA";"SE LLAMA AL CLIENTE";"NO RESPONDE";"2026-04-28";"2026-04-23 00:00:00";"JUAN VICENTE PAEZ OSPINA"
42;"900742574";"LLAMADA";"SE LLAMA AL CLIENTE";"NO RESPONDE";"2026-04-28";"2026-04-23 00:00:00";"JUAN VICENTE PAEZ OSPINA"
43;"901011629";"LLAMADA";"SE LLAMA AL CLIENTE";"NO RESPONDE";"2026-04-28";"2026-04-23 00:00:00";"JUAN VICENTE PAEZ OSPINA"
44;"901263518";"LLAMADA";"SE LLAMA AL CLIENTE";"CLIENTE NO TIENE PROYECTOS ACTUALMENTE";"2026-04-28";"2026-04-23 00:00:00";"JUAN VICENTE PAEZ OSPINA"
45;"901411272";"LLAMADA";"SE LLAMA AL CLIENTE";"CLIENTE NO TIENE PROYECTOS ACTUALMENTE";"2026-04-28";"2026-04-23 00:00:00";"JUAN VICENTE PAEZ OSPINA"
46;"901469364";"LLAMADA";"SE LLAMA AL CLIENTE";"NO RESPONDE";"2026-04-28";"2026-04-23 00:00:00";"JUAN VICENTE PAEZ OSPINA"
47;"901532176";"LLAMADA";"SE LLAMA AL CLIENTE";"NO RESPONDE";"2026-04-28";"2026-04-23 00:00:00";"JUAN VICENTE PAEZ OSPINA"
48;"901839894";"LLAMADA";"SE LLAMA AL CLIENTE";"CLIENTE NO TIENE PROYECTOS ACTUALMENTE";"2026-04-28";"2026-04-23 00:00:00";"JUAN VICENTE PAEZ OSPINA"
49;"800251165";"WHATSAPP";"CLIENTE ESCRIBE";"SOLICITA FRA DE LA VENTA DEL VIERNES, APRUEBAN VENTA DE LA COTIZACIÓN BOG-2600193, A LA ESPERA DEL PAGO PARA PROCESAR PEDIDO";"2026-05-02";"2026-04-27 00:00:00";"JUAN VICENTE PAEZ OSPINA"
50;"800251165";"WHATSAPP";"CLIENTE ESCRIBE";"SOLICITA COTIZACION 80ML PANEL REYCO ";"2026-05-02";"2026-04-27 00:00:00";"JUAN VICENTE PAEZ OSPINA"
51;"860034174";"WHATSAPP";"CLIENTE ESCRIBE";"SE LE ENVIA COTIZACION BOG-2600195";"2026-05-02";"2026-04-27 00:00:00";"JUAN VICENTE PAEZ OSPINA"
52;"830131392";"LLAMADA";"SE LLAMA AL CLIENTE";"PROYECTO APLAZADO HASTA NUEVA ASAMBLEA";"2026-05-02";"2026-04-27 00:00:00";"JUAN VICENTE PAEZ OSPINA"
53;"860009453";"LLAMADA";"SE LLAMA AL CLIENTE";"PROYECTO APLAZADO HASTA NUEVA ASAMBLEA";"2026-05-02";"2026-04-27 00:00:00";"JUAN VICENTE PAEZ OSPINA"
54;"860058070";"LLAMADA";"SE LLAMA AL CLIENTE";"NO RESPONDE";"2026-05-02";"2026-04-27 00:00:00";"JUAN VICENTE PAEZ OSPINA"
55;"860509527";"LLAMADA";"SE LLAMA AL CLIENTE";"NO RESPONDE";"2026-05-02";"2026-04-27 00:00:00";"JUAN VICENTE PAEZ OSPINA"
56;"900032839";"LLAMADA";"SE LLAMA AL CLIENTE";"NO TIENE PROYECTOS EN EL MOMENTO";"2026-05-02";"2026-04-27 00:00:00";"JUAN VICENTE PAEZ OSPINA"
57;"900049238";"LLAMADA";"SE LLAMA AL CLIENTE";"NO RESPONDE";"2026-05-02";"2026-04-27 00:00:00";"JUAN VICENTE PAEZ OSPINA"
58;"900380293";"LLAMADA";"SE LLAMA AL CLIENTE";"NO TIENE PROYECTOS EN EL MOMENTO";"2026-05-02";"2026-04-27 00:00:00";"JUAN VICENTE PAEZ OSPINA"
59;"900773288";"LLAMADA";"SE LLAMA AL CLIENTE";"NO RESPONDE";"2026-05-02";"2026-04-27 00:00:00";"JUAN VICENTE PAEZ OSPINA"
60;"900814668";"LLAMADA";"SE LLAMA AL CLIENTE";"NO RESPONDE";"2026-05-02";"2026-04-27 00:00:00";"JUAN VICENTE PAEZ OSPINA"
61;"901231446";"LLAMADA";"SE LLAMA AL CLIENTE";"NO RESPONDE";"2026-05-02";"2026-04-27 00:00:00";"JUAN VICENTE PAEZ OSPINA"
62;"901380034";"LLAMADA";"SE LLAMA AL CLIENTE";"NO TIENE PROYECTOS EN EL MOMENTO";"2026-05-02";"2026-04-27 00:00:00";"JUAN VICENTE PAEZ OSPINA"
63;"901384636";"LLAMADA";"SE LLAMA AL CLIENTE";"NO TIENE PROYECTOS EN EL MOMENTO";"2026-05-02";"2026-04-27 00:00:00";"JUAN VICENTE PAEZ OSPINA"
64;"901502363";"LLAMADA";"SE LLAMA AL CLIENTE";"NO TIENE PROYECTOS EN EL MOMENTO";"2026-05-02";"2026-04-27 00:00:00";"JUAN VICENTE PAEZ OSPINA"
65;"901544704";"LLAMADA";"SE LLAMA AL CLIENTE";"NO TIENE PROYECTOS EN EL MOMENTO";"2026-05-02";"2026-04-27 00:00:00";"JUAN VICENTE PAEZ OSPINA"
66;"901548890";"LLAMADA";"SE LLAMA AL CLIENTE";"NO TIENE PROYECTOS EN EL MOMENTO";"2026-05-02";"2026-04-27 00:00:00";"JUAN VICENTE PAEZ OSPINA"
67;"901627524";"LLAMADA";"SE LLAMA AL CLIENTE";"NO RESPONDE";"2026-05-02";"2026-04-27 00:00:00";"JUAN VICENTE PAEZ OSPINA"
68;"901656849";"LLAMADA";"SE LLAMA AL CLIENTE";"NO RESPONDE";"2026-05-02";"2026-04-27 00:00:00";"JUAN VICENTE PAEZ OSPINA"
69;"901760403";"LLAMADA";"SE LLAMA AL CLIENTE";"NO RESPONDE";"2026-05-02";"2026-04-27 00:00:00";"JUAN VICENTE PAEZ OSPINA"
70;"901766544";"LLAMADA";"SE LLAMA AL CLIENTE";"NO TIENE PROYECTOS EN EL MOMENTO";"2026-05-02";"2026-04-27 00:00:00";"JUAN VICENTE PAEZ OSPINA"
71;"901781786";"LLAMADA";"SE LLAMA AL CLIENTE";"NO RESPONDE";"2026-05-02";"2026-04-27 00:00:00";"JUAN VICENTE PAEZ OSPINA"
72;"901862267";"LLAMADA";"SE LLAMA AL CLIENTE";"NO RESPONDE";"2026-05-02";"2026-04-27 00:00:00";"JUAN VICENTE PAEZ OSPINA"
73;"901880021";"LLAMADA";"SE LLAMA AL CLIENTE";"NO RESPONDE";"2026-05-02";"2026-04-27 00:00:00";"JUAN VICENTE PAEZ OSPINA"
74;"901896795";"LLAMADA";"SE LLAMA AL CLIENTE";"NO TIENE PROYECTOS EN EL MOMENTO";"2026-05-02";"2026-04-27 00:00:00";"JUAN VICENTE PAEZ OSPINA"
75;"901900732";"LLAMADA";"SE LLAMA AL CLIENTE";"NO TIENE PROYECTOS EN EL MOMENTO";"2026-05-02";"2026-04-27 00:00:00";"JUAN VICENTE PAEZ OSPINA"
76;"8300589551";"LLAMADA";"SE LLAMA AL CLIENTE";"PROYECTO APLAZADO HASTA NUEVA ASAMBLEA";"2026-05-02";"2026-04-27 00:00:00";"JUAN VICENTE PAEZ OSPINA"
77;"800251165";"LLAMADA";"CLIENTE LLAMA";"SOLICITA PRECIOS DE LAS MALLAS DE LA OFERTA BOG-2600195 PERO SIN PINTAR, SE LE ENVIA EL DATO. HACE EL PAGO DE LA COT BOG-2600193";"2026-05-03";"2026-04-28 00:00:00";"JUAN VICENTE PAEZ OSPINA"
78;"79787115";"LLAMADA";"SE LLAMA AL CLIENTE";"NO TIENE PROYECTOS ACTIVOS EN EL MOMENTO";"2026-05-03";"2026-04-28 00:00:00";"JUAN VICENTE PAEZ OSPINA"
79;"80065062";"LLAMADA";"SE LLAMA AL CLIENTE";"NO RESPONDE";"2026-05-03";"2026-04-28 00:00:00";"JUAN VICENTE PAEZ OSPINA"
80;"860070301";"LLAMADA";"SE LLAMA AL CLIENTE";"NO TIENE PROYECTOS ACTIVOS EN EL MOMENTO";"2026-05-03";"2026-04-28 00:00:00";"JUAN VICENTE PAEZ OSPINA"
81;"900020452";"LLAMADA";"SE LLAMA AL CLIENTE";"NO TIENE PROYECTOS ACTIVOS EN EL MOMENTO";"2026-05-03";"2026-04-28 00:00:00";"JUAN VICENTE PAEZ OSPINA"
82;"900260920";"LLAMADA";"SE LLAMA AL CLIENTE";"PROYECTO EN STANDBY POR LLUVIAS";"2026-05-03";"2026-04-28 00:00:00";"JUAN VICENTE PAEZ OSPINA"
83;"900680999";"LLAMADA";"SE LLAMA AL CLIENTE";"NO TIENE PROYECTOS ACTIVOS EN EL MOMENTO";"2026-05-03";"2026-04-28 00:00:00";"JUAN VICENTE PAEZ OSPINA"
84;"900688617";"LLAMADA";"SE LLAMA AL CLIENTE";"NO RESPONDE";"2026-05-03";"2026-04-28 00:00:00";"JUAN VICENTE PAEZ OSPINA"
85;"900960810";"LLAMADA";"SE LLAMA AL CLIENTE";"NO RESPONDE";"2026-05-03";"2026-04-28 00:00:00";"JUAN VICENTE PAEZ OSPINA"
86;"901119151";"LLAMADA";"SE LLAMA AL CLIENTE";"NO TIENE PROYECTOS ACTIVOS EN EL MOMENTO";"2026-05-03";"2026-04-28 00:00:00";"JUAN VICENTE PAEZ OSPINA"
87;"901172614";"LLAMADA";"SE LLAMA AL CLIENTE";"NO TIENE PROYECTOS ACTIVOS EN EL MOMENTO";"2026-05-03";"2026-04-28 00:00:00";"JUAN VICENTE PAEZ OSPINA"
88;"901488309";"LLAMADA";"SE LLAMA AL CLIENTE";"NO TIENE PROYECTOS ACTIVOS EN EL MOMENTO";"2026-05-03";"2026-04-28 00:00:00";"JUAN VICENTE PAEZ OSPINA"
89;"901817724";"LLAMADA";"SE LLAMA AL CLIENTE";"NO RESPONDE";"2026-05-03";"2026-04-28 00:00:00";"JUAN VICENTE PAEZ OSPINA"
90;"901827593";"LLAMADA";"SE LLAMA AL CLIENTE";"NO TIENE PROYECTOS ACTIVOS EN EL MOMENTO";"2026-05-03";"2026-04-28 00:00:00";"JUAN VICENTE PAEZ OSPINA"
91;"800124275";"LLAMADA";"SE LLAMA AL CLIENTE";"EL NUMERO REGISTRADO NO ES DE ESA EMPRESA";"2026-05-04";"2026-04-29 00:00:00";"JUAN VICENTE PAEZ OSPINA"
92;"802024688";"LLAMADA";"SE LLAMA AL CLIENTE";"NO RESPONDE";"2026-05-04";"2026-04-29 00:00:00";"JUAN VICENTE PAEZ OSPINA"
93;"860534361";"LLAMADA";"SE LLAMA AL CLIENTE";"EL NUMERO MARCADO NO SE ENCUENTRA DISPONIBLE";"2026-05-04";"2026-04-29 00:00:00";"JUAN VICENTE PAEZ OSPINA"
94;"900524068";"LLAMADA";"SE LLAMA AL CLIENTE";"NUMERO MARCADO TEMPORALMENTE FUERA DE SERVICIO";"2026-05-04";"2026-04-29 00:00:00";"JUAN VICENTE PAEZ OSPINA"
95;"900889434";"LLAMADA";"SE LLAMA AL CLIENTE";"NO RESPONDE";"2026-05-04";"2026-04-29 00:00:00";"JUAN VICENTE PAEZ OSPINA"
96;"900928850";"LLAMADA";"SE LLAMA AL CLIENTE";"CLIENTE COMPRO ESLABONADA A PROVEEDOR DE BARRANQUILLA, CUALQUIER COSA NOS ESCRIBE";"2026-05-04";"2026-04-29 00:00:00";"JUAN VICENTE PAEZ OSPINA"
97;"901054197";"LLAMADA";"SE LLAMA AL CLIENTE";"EL NUMERO REGISTRADO NO ES DE ESA EMPRESA";"2026-05-04";"2026-04-29 00:00:00";"JUAN VICENTE PAEZ OSPINA"
98;"901056197";"LLAMADA";"SE LLAMA AL CLIENTE";"NECESITA MALLA PARA FUNDIDA DE PISO, QUEDO DE ENVIAR LOS DATOS AL WHATSAPP";"2026-05-04";"2026-04-29 00:00:00";"JUAN VICENTE PAEZ OSPINA"
99;"901082929";"LLAMADA";"SE LLAMA AL CLIENTE";"EN LA LLAMADA INFORMA DE UNA SOLICITUD, SE HACE LA COTIZACION";"2026-05-04";"2026-04-29 00:00:00";"JUAN VICENTE PAEZ OSPINA"
100;"901103568";"LLAMADA";"SE LLAMA AL CLIENTE";"EL NUMERO MARCADO NO SE ENCUENTRA DISPONIBLE";"2026-05-04";"2026-04-29 00:00:00";"JUAN VICENTE PAEZ OSPINA"
101;"901128710";"LLAMADA";"SE LLAMA AL CLIENTE";"SOLICITAN REENVIO DE LA COTIZACION";"2026-05-04";"2026-04-29 00:00:00";"JUAN VICENTE PAEZ OSPINA"
102;"901192838";"LLAMADA";"SE LLAMA AL CLIENTE";"NO RESPONDE";"2026-05-04";"2026-04-29 00:00:00";"JUAN VICENTE PAEZ OSPINA"
103;"901275463";"LLAMADA";"SE LLAMA AL CLIENTE";"NO TIENE PROYECTOS EN LA ACTUALIDAD";"2026-05-04";"2026-04-29 00:00:00";"JUAN VICENTE PAEZ OSPINA"
104;"901289332";"LLAMADA";"SE LLAMA AL CLIENTE";"NO RESPONDE";"2026-05-04";"2026-04-29 00:00:00";"JUAN VICENTE PAEZ OSPINA"
105;"901337193";"LLAMADA";"SE LLAMA AL CLIENTE";"NO RESPONDE";"2026-05-04";"2026-04-29 00:00:00";"JUAN VICENTE PAEZ OSPINA"
106;"901426346";"LLAMADA";"SE LLAMA AL CLIENTE";"NO RESPONDE";"2026-05-04";"2026-04-29 00:00:00";"JUAN VICENTE PAEZ OSPINA"
107;"901498409";"LLAMADA";"SE LLAMA AL CLIENTE";"NO TIENE PROYECTOS EN LA ACTUALIDAD, CLIENTE SOLICITA EL CATALOGO PARA TENERNOS PRESENTES";"2026-05-04";"2026-04-29 00:00:00";"JUAN VICENTE PAEZ OSPINA"
108;"901500464";"LLAMADA";"SE LLAMA AL CLIENTE";"NO RESPONDE";"2026-05-04";"2026-04-29 00:00:00";"JUAN VICENTE PAEZ OSPINA"
109;"901515923";"LLAMADA";"SE LLAMA AL CLIENTE";"NO RESPONDE";"2026-05-04";"2026-04-29 00:00:00";"JUAN VICENTE PAEZ OSPINA"
110;"1032386804";"LLAMADA";"SE LLAMA AL CLIENTE";"NO TIENE PROYECTOS EN LA ACTUALIDAD";"2026-05-04";"2026-04-29 00:00:00";"JUAN VICENTE PAEZ OSPINA"
111;"860034174";"WHATSAPP";"CLIENTE ESCRIBE";"CLIENTE PAGA, SE INGRESA PEDIDO";"2026-05-05";"2026-04-30 00:00:00";"JUAN VICENTE PAEZ OSPINA"
112;"800210828";"LLAMADA";"SE LLAMA AL CLIENTE";"NO TIENEN PROYECTOS EN LA ACTUALIDAD";"2026-05-05";"2026-04-30 00:00:00";"JUAN VICENTE PAEZ OSPINA"
113;"830110454";"LLAMADA";"SE LLAMA AL CLIENTE";"NO TIENEN PROYECTOS EN LA ACTUALIDAD";"2026-05-05";"2026-04-30 00:00:00";"JUAN VICENTE PAEZ OSPINA"
114;"860030640";"LLAMADA";"SE LLAMA AL CLIENTE";"NO RESPONDE";"2026-05-05";"2026-04-30 00:00:00";"JUAN VICENTE PAEZ OSPINA"
115;"900409416";"LLAMADA";"SE LLAMA AL CLIENTE";"NUMERO NO INSTALADO";"2026-05-05";"2026-04-30 00:00:00";"JUAN VICENTE PAEZ OSPINA"
116;"900409769";"LLAMADA";"SE LLAMA AL CLIENTE";"NO TIENEN PROYECTOS EN LA ACTUALIDAD";"2026-05-05";"2026-04-30 00:00:00";"JUAN VICENTE PAEZ OSPINA"
117;"900490484";"LLAMADA";"SE LLAMA AL CLIENTE";"NO TIENEN PROYECTOS EN LA ACTUALIDAD";"2026-05-05";"2026-04-30 00:00:00";"JUAN VICENTE PAEZ OSPINA"
118;"900558044";"LLAMADA";"SE LLAMA AL CLIENTE";"NO TIENEN PROYECTOS EN LA ACTUALIDAD";"2026-05-05";"2026-04-30 00:00:00";"JUAN VICENTE PAEZ OSPINA"
119;"900742574";"LLAMADA";"SE LLAMA AL CLIENTE";"NO RESPONDE";"2026-05-05";"2026-04-30 00:00:00";"JUAN VICENTE PAEZ OSPINA"
120;"900990175";"LLAMADA";"SE LLAMA AL CLIENTE";"NO RESPONDE";"2026-05-05";"2026-04-30 00:00:00";"JUAN VICENTE PAEZ OSPINA"
121;"901011629";"LLAMADA";"SE LLAMA AL CLIENTE";"NO RESPONDE";"2026-05-05";"2026-04-30 00:00:00";"JUAN VICENTE PAEZ OSPINA"
122;"901143432";"LLAMADA";"SE LLAMA AL CLIENTE";"NO RESPONDE";"2026-05-05";"2026-04-30 00:00:00";"JUAN VICENTE PAEZ OSPINA"
123;"901430921";"LLAMADA";"SE LLAMA AL CLIENTE";"NO RESPONDE";"2026-05-05";"2026-04-30 00:00:00";"JUAN VICENTE PAEZ OSPINA"
124;"901469364";"LLAMADA";"SE LLAMA AL CLIENTE";"NUMERO YA NO ES DE ESA EMPRESA";"2026-05-05";"2026-04-30 00:00:00";"JUAN VICENTE PAEZ OSPINA"
125;"901532176";"LLAMADA";"SE LLAMA AL CLIENTE";"NO TIENEN PROYECTOS EN LA ACTUALIDAD";"2026-05-05";"2026-04-30 00:00:00";"JUAN VICENTE PAEZ OSPINA"
126;"901581862";"LLAMADA";"SE LLAMA AL CLIENTE";"SOLICITAN CATALOGO, SE ENVIA POR WHATSAPP";"2026-05-05";"2026-04-30 00:00:00";"JUAN VICENTE PAEZ OSPINA"
127;"901613227";"LLAMADA";"SE LLAMA AL CLIENTE";"NO TIENEN PROYECTOS EN LA ACTUALIDAD";"2026-05-05";"2026-04-30 00:00:00";"JUAN VICENTE PAEZ OSPINA"
128;"901693904";"LLAMADA";"SE LLAMA AL CLIENTE";"NO TIENEN PROYECTOS EN LA ACTUALIDAD";"2026-05-05";"2026-04-30 00:00:00";"JUAN VICENTE PAEZ OSPINA"
129;"901734383";"LLAMADA";"SE LLAMA AL CLIENTE";"NO RESPONDE";"2026-05-05";"2026-04-30 00:00:00";"JUAN VICENTE PAEZ OSPINA"
130;"901924140";"WHATSAPP";"CLIENTE ESCRIBE";"ENVIA PAGO COT 2600150, SE PASA PEDIDO";"2026-05-09";"2026-05-04 00:00:00";"JUAN VICENTE PAEZ OSPINA"
131;"900515890";"LLAMADA";"CLIENTE PERDIDO";"CLIENTE PERDIDO";"2026-05-09";"2026-05-04 00:00:00";"JUAN VICENTE PAEZ OSPINA"
132;"900325497";"LLAMADA";"CLIENTE SOLICITA OFERTA DE PANELES";"SE ENVIA LA COT BOG2600214";"2026-05-09";"2026-05-04 00:00:00";"JUAN VICENTE PAEZ OSPINA"
133;"901082929";"LLAMADA";"SE HABLA CON EL CLIENTE";"SOLICITA MODIFICACÓN N";"2026-05-09";"2026-05-04 00:00:00";"JUAN VICENTE PAEZ OSPINA"
134;"860011109";"LLAMADA";"SE LLAMA AL CLIENTE";"NO TIENE EN LA ACTUALIDAD REQUERIMIENTOS PARA NUESTROS PRODUCTOS";"2026-05-09";"2026-05-04 00:00:00";"JUAN VICENTE PAEZ OSPINA"
135;"860045094";"LLAMADA";"SE LLAMA AL CLIENTE";"NO TIENE PROYECTOS EN EL MOMENTO";"2026-05-09";"2026-05-04 00:00:00";"JUAN VICENTE PAEZ OSPINA"
136;"860506140";"LLAMADA";"SE LLAMA AL CLIENTE";"NO TIENE PROYECTOS EN EL MOMENTO";"2026-05-09";"2026-05-04 00:00:00";"JUAN VICENTE PAEZ OSPINA"
137;"900181825";"LLAMADA";"SE LLAMA AL CLIENTE";"NO TIENE EN LA ACTUALIDAD REQUERIMIENTOS PARA NUESTROS PRODUCTOS";"2026-05-09";"2026-05-04 00:00:00";"JUAN VICENTE PAEZ OSPINA"
138;"900458019";"LLAMADA";"SE LLAMA AL CLIENTE";"NO TIENE PROYECTOS EN EL MOMENTO";"2026-05-09";"2026-05-04 00:00:00";"JUAN VICENTE PAEZ OSPINA"
139;"900738676";"LLAMADA";"SE LLAMA AL CLIENTE";"NO TIENE EN LA ACTUALIDAD REQUERIMIENTOS PARA NUESTROS PRODUCTOS";"2026-05-09";"2026-05-04 00:00:00";"JUAN VICENTE PAEZ OSPINA"
140;"901519173";"LLAMADA";"SE LLAMA AL CLIENTE";"NO TIENE PROYECTOS EN EL MOMENTO";"2026-05-09";"2026-05-04 00:00:00";"JUAN VICENTE PAEZ OSPINA"
141;"860034174";"WHATSAPP";"CLIENTE ESCRIBE";"CLIENTE ENVIA DATOS PARA COORDINAR ENTREGA, SE ENVÍA REMISIÓN AL CORREO";"2026-05-10";"2026-05-05 00:00:00";"JUAN VICENTE PAEZ OSPINA"
142;"80065062";"LLAMADA";"SE LLAMA AL CLIENTE";"NO TIENE PROYECTOS EN LA ACTUALIDAD";"2026-05-10";"2026-05-05 00:00:00";"JUAN VICENTE PAEZ OSPINA"
143;"900688617";"LLAMADA";"SE LLAMA AL CLIENTE";"NO TIENE PROYECTOS EN LA ACTUALIDAD";"2026-05-10";"2026-05-05 00:00:00";"JUAN VICENTE PAEZ OSPINA"
144;"900960810";"LLAMADA";"SE LLAMA AL CLIENTE";"NO TIENE PROYECTOS EN LA ACTUALIDAD";"2026-05-10";"2026-05-05 00:00:00";"JUAN VICENTE PAEZ OSPINA"
145;"901817724";"LLAMADA";"SE LLAMA AL CLIENTE";"NO TIENE PROYECTOS EN LA ACTUALIDAD";"2026-05-10";"2026-05-05 00:00:00";"JUAN VICENTE PAEZ OSPINA"
146;"901924140";"WHATSAPP";"CLIENTE ESCRIBE";"SE HACE LA REMISION Y COORDINA EL DESPACHO";"2026-05-11";"2026-05-06 00:00:00";"JUAN VICENTE PAEZ OSPINA"
147;"800251165";"LLAMADA";"CLIENTE SOLICITA OFERTA";"SE ENVIA CTIZACION BOG-2600227 Y SE COORDINA EL DESPACHO PENDIENTE";"2026-05-11";"2026-05-06 00:00:00";"JUAN VICENTE PAEZ OSPINA"
148;"901082929";"LLAMADA";"SE HABLA CON EL CLIENTE";"SE HACE LA REMISION Y COORDINA EL DESPACHO";"2026-05-11";"2026-05-06 00:00:00";"JUAN VICENTE PAEZ OSPINA"
149;"79543939";"LLAMADA";"SE LLAMA AL CLIENTE";"CLIENTE NO TIENE PROYECTOS AN LA ACTUALIDAD";"2026-05-11";"2026-05-06 00:00:00";"JUAN VICENTE PAEZ OSPINA"
150;"800011797";"LLAMADA";"SE LLAMA AL CLIENTE";"CLIENTE NO TIENE PROYECTOS AN LA ACTUALIDAD";"2026-05-11";"2026-05-06 00:00:00";"JUAN VICENTE PAEZ OSPINA"
151;"800195397";"LLAMADA";"SE LLAMA AL CLIENTE";"CLIENTE NO TIENE PROYECTOS AN LA ACTUALIDAD";"2026-05-11";"2026-05-06 00:00:00";"JUAN VICENTE PAEZ OSPINA"
152;"802024688";"LLAMADA";"SE LLAMA AL CLIENTE";"CLIENTE RESPONDE GRACIAS, CUALQUIER NECESIDAD LA ESTAREMOS COMUNICANDO";"2026-05-11";"2026-05-06 00:00:00";"JUAN VICENTE PAEZ OSPINA"
153;"830009940";"LLAMADA";"SE LLAMA AL CLIENTE";"CLIENTE NO TIENE PROYECTOS AN LA ACTUALIDAD";"2026-05-11";"2026-05-06 00:00:00";"JUAN VICENTE PAEZ OSPINA"
154;"900265885";"LLAMADA";"SE LLAMA AL CLIENTE";"CLIENTE RESPONDE GRACIAS, CUALQUIER NECESIDAD LA ESTAREMOS COMUNICANDO";"2026-05-11";"2026-05-06 00:00:00";"JUAN VICENTE PAEZ OSPINA"
155;"900433389";"LLAMADA";"SE LLAMA AL CLIENTE";"CLIENTE NO TIENE PROYECTOS AN LA ACTUALIDAD";"2026-05-11";"2026-05-06 00:00:00";"JUAN VICENTE PAEZ OSPINA"
156;"900439301";"LLAMADA";"SE LLAMA AL CLIENTE";"CLIENTE NO TIENE PROYECTOS AN LA ACTUALIDAD";"2026-05-11";"2026-05-06 00:00:00";"JUAN VICENTE PAEZ OSPINA"
157;"900529810";"LLAMADA";"SE LLAMA AL CLIENTE";"NO TIENE PROYECTOS EN LA ACTUALIDAD";"2026-05-11";"2026-05-06 00:00:00";"JUAN VICENTE PAEZ OSPINA"
158;"900532591";"LLAMADA";"SE LLAMA AL CLIENTE";"CLIENTE RESPONDE GRACIAS, CUALQUIER NECESIDAD LA ESTAREMOS COMUNICANDO";"2026-05-11";"2026-05-06 00:00:00";"JUAN VICENTE PAEZ OSPINA"
159;"900700630";"LLAMADA";"SE LLAMA AL CLIENTE";"CLIENTE RESPONDE GRACIAS, CUALQUIER NECESIDAD LA ESTAREMOS COMUNICANDO";"2026-05-11";"2026-05-06 00:00:00";"JUAN VICENTE PAEZ OSPINA"
160;"900844396";"LLAMADA";"SE LLAMA AL CLIENTE";"CLIENTE RESPONDE GRACIAS, CUALQUIER NECESIDAD LA ESTAREMOS COMUNICANDO";"2026-05-11";"2026-05-06 00:00:00";"JUAN VICENTE PAEZ OSPINA"
161;"900889434";"LLAMADA";"SE LLAMA AL CLIENTE";"CLIENTE NO TIENE PROYECTOS AN LA ACTUALIDAD";"2026-05-11";"2026-05-06 00:00:00";"JUAN VICENTE PAEZ OSPINA"
162;"900924609";"LLAMADA";"SE LLAMA AL CLIENTE";"CLIENTE RESPONDE GRACIAS, CUALQUIER NECESIDAD LA ESTAREMOS COMUNICANDO";"2026-05-11";"2026-05-06 00:00:00";"JUAN VICENTE PAEZ OSPINA"
163;"900928625";"LLAMADA";"SE LLAMA AL CLIENTE";"CLIENTE RESPONDE GRACIAS, CUALQUIER NECESIDAD LA ESTAREMOS COMUNICANDO";"2026-05-11";"2026-05-06 00:00:00";"JUAN VICENTE PAEZ OSPINA"
164;"901161091";"LLAMADA";"SE LLAMA AL CLIENTE";"CLIENTE RESPONDE GRACIAS, CUALQUIER NECESIDAD LA ESTAREMOS COMUNICANDO";"2026-05-11";"2026-05-06 00:00:00";"JUAN VICENTE PAEZ OSPINA"
165;"901164615";"LLAMADA";"SE LLAMA AL CLIENTE";"CLIENTE NO TIENE PROYECTOS AN LA ACTUALIDAD";"2026-05-11";"2026-05-06 00:00:00";"JUAN VICENTE PAEZ OSPINA"
166;"901192838";"LLAMADA";"SE LLAMA AL CLIENTE";"CLIENTE NO TIENE PROYECTOS AN LA ACTUALIDAD";"2026-05-11";"2026-05-06 00:00:00";"JUAN VICENTE PAEZ OSPINA"
167;"901214448";"LLAMADA";"SE LLAMA AL CLIENTE";"CLIENTE RESPONDE GRACIAS, CUALQUIER NECESIDAD LA ESTAREMOS COMUNICANDO";"2026-05-11";"2026-05-06 00:00:00";"JUAN VICENTE PAEZ OSPINA"
168;"901289332";"LLAMADA";"SE LLAMA AL CLIENTE";"CLIENTE NO TIENE PROYECTOS AN LA ACTUALIDAD";"2026-05-11";"2026-05-06 00:00:00";"JUAN VICENTE PAEZ OSPINA"
169;"901289846";"LLAMADA";"SE LLAMA AL CLIENTE";"CLIENTE RESPONDE GRACIAS, CUALQUIER NECESIDAD LA ESTAREMOS COMUNICANDO";"2026-05-11";"2026-05-06 00:00:00";"JUAN VICENTE PAEZ OSPINA"
170;"901300054";"LLAMADA";"SE LLAMA AL CLIENTE";"CLIENTE NO TIENE PROYECTOS AN LA ACTUALIDAD";"2026-05-11";"2026-05-06 00:00:00";"JUAN VICENTE PAEZ OSPINA"
171;"901337193";"LLAMADA";"SE LLAMA AL CLIENTE";"CLIENTE NO TIENE PROYECTOS AN LA ACTUALIDAD";"2026-05-11";"2026-05-06 00:00:00";"JUAN VICENTE PAEZ OSPINA"
172;"901350879";"LLAMADA";"SE LLAMA AL CLIENTE";"CLIENTE NO TIENE PROYECTOS AN LA ACTUALIDAD";"2026-05-11";"2026-05-06 00:00:00";"JUAN VICENTE PAEZ OSPINA"
173;"901421018";"LLAMADA";"SE LLAMA AL CLIENTE";"CLIENTE NO TIENE PROYECTOS AN LA ACTUALIDAD";"2026-05-11";"2026-05-06 00:00:00";"JUAN VICENTE PAEZ OSPINA"
174;"901426346";"LLAMADA";"SE LLAMA AL CLIENTE";"CLIENTE NO TIENE PROYECTOS AN LA ACTUALIDAD";"2026-05-11";"2026-05-06 00:00:00";"JUAN VICENTE PAEZ OSPINA"
175;"901453871";"LLAMADA";"SE LLAMA AL CLIENTE";"CLIENTE NO TIENE PROYECTOS AN LA ACTUALIDAD";"2026-05-11";"2026-05-06 00:00:00";"JUAN VICENTE PAEZ OSPINA"
176;"901500464";"LLAMADA";"SE LLAMA AL CLIENTE";"CLIENTE NO TIENE PROYECTOS AN LA ACTUALIDAD";"2026-05-11";"2026-05-06 00:00:00";"JUAN VICENTE PAEZ OSPINA"
177;"901515923";"LLAMADA";"SE LLAMA AL CLIENTE";"CLIENTE RESPONDE GRACIAS, CUALQUIER NECESIDAD LA ESTAREMOS COMUNICANDO";"2026-05-11";"2026-05-06 00:00:00";"JUAN VICENTE PAEZ OSPINA"
178;"1085165742";"LLAMADA";"SE LLAMA AL CLIENTE";"CLIENTE RESPONDE GRACIAS, CUALQUIER NECESIDAD LA ESTAREMOS COMUNICANDO";"2026-05-11";"2026-05-06 00:00:00";"JUAN VICENTE PAEZ OSPINA"
179;"800251165";"WHATSAPP";"CAMBIOS EN OFERTA";"SE REENVIA OFERTA AJUSTADA";"2026-05-12";"2026-05-07 00:00:00";"JUAN VICENTE PAEZ OSPINA"
180;"79970667";"LLAMADA";"CLIENTE LLAMA";"SE LE ENVIA LA OFERTAS 2600230";"2026-05-12";"2026-05-07 00:00:00";"JUAN VICENTE PAEZ OSPINA"
181;"832006599";"LLAMADA";"SE LLAMA AL CLIENTE";"EL PROYECTO AUN NO ESTA ADJUDICADO";"2026-05-12";"2026-05-07 00:00:00";"JUAN VICENTE PAEZ OSPINA"
182;"860030640";"LLAMADA";"SE LLAMA AL CLIENTE";"AL MOMENTO NO HAY PROYECTOS, NOS CONTACTAN CUANDO TENGAN ALGÚN REQUERIMIENTO";"2026-05-12";"2026-05-07 00:00:00";"JUAN VICENTE PAEZ OSPINA"
183;"900557498";"LLAMADA";"SE LLAMA AL CLIENTE";"AL MOMENTO NO HAY PROYECTOS, NOS CONTACTAN CUANDO TENGAN ALGÚN REQUERIMIENTO";"2026-05-12";"2026-05-07 00:00:00";"JUAN VICENTE PAEZ OSPINA"
184;"900742574";"LLAMADA";"SE LLAMA AL CLIENTE";"AL MOMENTO NO HAY PROYECTOS, NOS CONTACTAN CUANDO TENGAN ALGÚN REQUERIMIENTO";"2026-05-12";"2026-05-07 00:00:00";"JUAN VICENTE PAEZ OSPINA"
185;"900990175";"LLAMADA";"SE LLAMA AL CLIENTE";"AL MOMENTO NO HAY PROYECTOS, NOS CONTACTAN CUANDO TENGAN ALGÚN REQUERIMIENTO";"2026-05-12";"2026-05-07 00:00:00";"JUAN VICENTE PAEZ OSPINA"
186;"901011629";"LLAMADA";"SE LLAMA AL CLIENTE";"AL MOMENTO NO HAY PROYECTOS, NOS CONTACTAN CUANDO TENGAN ALGÚN REQUERIMIENTO";"2026-05-12";"2026-05-07 00:00:00";"JUAN VICENTE PAEZ OSPINA"
187;"901143432";"LLAMADA";"SE LLAMA AL CLIENTE";"AL MOMENTO NO HAY PROYECTOS, NOS CONTACTAN CUANDO TENGAN ALGÚN REQUERIMIENTO";"2026-05-12";"2026-05-07 00:00:00";"JUAN VICENTE PAEZ OSPINA"
188;"901430921";"LLAMADA";"SE LLAMA AL CLIENTE";"AL MOMENTO NO HAY PROYECTOS, NOS CONTACTAN CUANDO TENGAN ALGÚN REQUERIMIENTO";"2026-05-12";"2026-05-07 00:00:00";"JUAN VICENTE PAEZ OSPINA"
189;"901734383";"LLAMADA";"SE LLAMA AL CLIENTE";"AL MOMENTO NO HAY PROYECTOS, NOS CONTACTAN CUANDO TENGAN ALGÚN REQUERIMIENTO";"2026-05-12";"2026-05-07 00:00:00";"JUAN VICENTE PAEZ OSPINA"
190;"1019011191";"LLAMADA";"SE LLAMA AL CLIENTE";"NO TIENEN REQUERIMIENTOS EN EL MOMENTO";"2026-05-12";"2026-05-07 00:00:00";"JUAN VICENTE PAEZ OSPINA"
191;"79970667";"WHATSAPP";"CLIENTE HACE PEDIDO";"SE VALIDA PAGO E INGRESA EL PEDIDO";"2026-05-13";"2026-05-08 00:00:00";"JUAN VICENTE PAEZ OSPINA"
192;"800251165";"LLAMADA";"CLIENTE SOLICITA NUEVA OFERTA";"SE ENVIAS OFERTA NUEVA";"2026-05-13";"2026-05-08 00:00:00";"JUAN VICENTE PAEZ OSPINA"
193;"820001830";"LLAMADA";"SE LLAMA AL CLIENTE";"NO TIENE REQUERIMIENTOS EN EL MOMENTO";"2026-05-13";"2026-05-08 00:00:00";"JUAN VICENTE PAEZ OSPINA"
194;"830015170";"LLAMADA";"SE LLAMA AL CLIENTE";"NO TIENE REQUERIMIENTOS EN EL MOMENTO";"2026-05-13";"2026-05-08 00:00:00";"JUAN VICENTE PAEZ OSPINA"
195;"830031092";"LLAMADA";"SE LLAMA AL CLIENTE";"NO TIENE PROYECTOS EN EL MOMENTO";"2026-05-13";"2026-05-08 00:00:00";"JUAN VICENTE PAEZ OSPINA"
196;"830057855";"LLAMADA";"SE LLAMA AL CLIENTE";"CLIENTE HIZO EL PROYECTO CON OTRO PORDUCTO. NO HAY PROYECTOS EN EL MOMENTO";"2026-05-13";"2026-05-08 00:00:00";"JUAN VICENTE PAEZ OSPINA"
197;"830063785";"LLAMADA";"SE LLAMA AL CLIENTE";"CLIENTE HIZO EL PROYECTO CON OTRO PORDUCTO. NO HAY PROYECTOS EN EL MOMENTO";"2026-05-13";"2026-05-08 00:00:00";"JUAN VICENTE PAEZ OSPINA"
198;"830079058";"LLAMADA";"SE LLAMA AL CLIENTE";"NO TIENE PROYECTOS EN EL MOMENTO";"2026-05-13";"2026-05-08 00:00:00";"JUAN VICENTE PAEZ OSPINA"
199;"830141859";"LLAMADA";"SE LLAMA AL CLIENTE";"PROYECTO NO REALIZADO HASTA EL MOMENTO POR TEMAS BUROCRÁTICOS.";"2026-05-13";"2026-05-08 00:00:00";"JUAN VICENTE PAEZ OSPINA"
200;"900810365";"LLAMADA";"SE LLAMA AL CLIENTE";"NO TIENE PROYECTOS EN EL MOMENTO";"2026-05-13";"2026-05-08 00:00:00";"JUAN VICENTE PAEZ OSPINA"
201;"901869919";"LLAMADA";"SE LLAMA AL CLIENTE";"NO TIENE PROYECTOS ";"2026-05-13";"2026-05-08 00:00:00";"JUAN VICENTE PAEZ OSPINA"
202;"79835381";"LLAMADA";"SE LLAMA AL CLIENTE";"NO TIENE PROYECTOS EN LA ACTUALIDAD";"2026-05-16";"2026-05-11 00:00:00";"JUAN VICENTE PAEZ OSPINA"
203;"800002030";"LLAMADA";"SE LLAMA AL CLIENTE";"EN EL MOMENTO NO TIENE REQUERIMIENTOS DE NUESTROS PRODUCTOS";"2026-05-16";"2026-05-11 00:00:00";"JUAN VICENTE PAEZ OSPINA"
204;"830028516";"LLAMADA";"SE LLAMA AL CLIENTE";"EN EL MOMENTO NO TIENE REQUERIMIENTOS DE NUESTROS PRODUCTOS";"2026-05-16";"2026-05-11 00:00:00";"JUAN VICENTE PAEZ OSPINA"
205;"830097100";"LLAMADA";"SE LLAMA AL CLIENTE";"EN EL MOMENTO NO TIENE REQUERIMIENTOS DE NUESTROS PRODUCTOS";"2026-05-16";"2026-05-11 00:00:00";"JUAN VICENTE PAEZ OSPINA"
206;"860006523";"LLAMADA";"SE LLAMA AL CLIENTE";"PROYECTO UNICO. NO TIENE NADA EN LA ACTUALIDAD";"2026-05-16";"2026-05-11 00:00:00";"JUAN VICENTE PAEZ OSPINA"
207;"860006866";"LLAMADA";"SE LLAMA AL CLIENTE";"EN EL MOMENTO NO TIENE REQUERIMIENTOS DE NUESTROS PRODUCTOS";"2026-05-16";"2026-05-11 00:00:00";"JUAN VICENTE PAEZ OSPINA"
208;"860016662";"LLAMADA";"SE LLAMA AL CLIENTE";"EN EL MOMENTO NO TIENE REQUERIMIENTOS DE NUESTROS PRODUCTOS";"2026-05-16";"2026-05-11 00:00:00";"JUAN VICENTE PAEZ OSPINA"
209;"860078173";"LLAMADA";"SE LLAMA AL CLIENTE";"EN EL MOMENTO NO TIENE REQUERIMIENTOS DE NUESTROS PRODUCTOS";"2026-05-16";"2026-05-11 00:00:00";"JUAN VICENTE PAEZ OSPINA"
210;"900182037";"LLAMADA";"SE LLAMA AL CLIENTE";"EN EL MOMENTO NO TIENE REQUERIMIENTOS DE NUESTROS PRODUCTOS";"2026-05-16";"2026-05-11 00:00:00";"JUAN VICENTE PAEZ OSPINA"
211;"900297403";"LLAMADA";"SE LLAMA AL CLIENTE";"EN EL MOMENTO NO TIENE REQUERIMIENTOS DE NUESTROS PRODUCTOS";"2026-05-16";"2026-05-11 00:00:00";"JUAN VICENTE PAEZ OSPINA"
212;"900422686";"LLAMADA";"SE LLAMA AL CLIENTE";"EN EL MOMENTO NO TIENE REQUERIMIENTOS DE NUESTROS PRODUCTOS";"2026-05-16";"2026-05-11 00:00:00";"JUAN VICENTE PAEZ OSPINA"
213;"900463216";"LLAMADA";"SE LLAMA AL CLIENTE";"EN EL MOMENTO NO TIENE REQUERIMIENTOS DE NUESTROS PRODUCTOS";"2026-05-16";"2026-05-11 00:00:00";"JUAN VICENTE PAEZ OSPINA"
214;"900588938";"LLAMADA";"SE LLAMA AL CLIENTE";"EN EL MOMENTO NO TIENE REQUERIMIENTOS DE NUESTROS PRODUCTOS";"2026-05-16";"2026-05-11 00:00:00";"JUAN VICENTE PAEZ OSPINA"
215;"900636021";"LLAMADA";"SE LLAMA AL CLIENTE";"EN EL MOMENTO NO TIENE REQUERIMIENTOS DE NUESTROS PRODUCTOS";"2026-05-16";"2026-05-11 00:00:00";"JUAN VICENTE PAEZ OSPINA"
216;"900680051";"LLAMADA";"SE LLAMA AL CLIENTE";"EN EL MOMENTO NO TIENE REQUERIMIENTOS DE NUESTROS PRODUCTOS";"2026-05-16";"2026-05-11 00:00:00";"JUAN VICENTE PAEZ OSPINA"
217;"901128710";"LLAMADA";"SE LLAMA AL CLIENTE";"EN EL MOMENTO NO TIENE REQUERIMIENTOS DE NUESTROS PRODUCTOS";"2026-05-16";"2026-05-11 00:00:00";"JUAN VICENTE PAEZ OSPINA"
218;"901136454";"LLAMADA";"SE LLAMA AL CLIENTE";"NO TIENE PROYECTOS EN LA ACTUALIDAD";"2026-05-16";"2026-05-11 00:00:00";"JUAN VICENTE PAEZ OSPINA"
219;"901163036";"LLAMADA";"SE LLAMA AL CLIENTE";"EN EL MOMENTO NO TIENE REQUERIMIENTOS DE NUESTROS PRODUCTOS";"2026-05-16";"2026-05-11 00:00:00";"JUAN VICENTE PAEZ OSPINA"
220;"901386406";"LLAMADA";"SE LLAMA AL CLIENTE";"PROYECTO UNICO. NO TIENE NADA EN LA ACTUALIDAD";"2026-05-16";"2026-05-11 00:00:00";"JUAN VICENTE PAEZ OSPINA"
221;"901394285";"LLAMADA";"SE LLAMA AL CLIENTE";"EN EL MOMENTO NO TIENE REQUERIMIENTOS DE NUESTROS PRODUCTOS";"2026-05-16";"2026-05-11 00:00:00";"JUAN VICENTE PAEZ OSPINA"
222;"901687357";"LLAMADA";"SE LLAMA AL CLIENTE";"EN EL MOMENTO NO TIENE REQUERIMIENTOS DE NUESTROS PRODUCTOS";"2026-05-16";"2026-05-11 00:00:00";"JUAN VICENTE PAEZ OSPINA"
223;"901754410";"LLAMADA";"SE LLAMA AL CLIENTE";"EN EL MOMENTO NO TIENE REQUERIMIENTOS DE NUESTROS PRODUCTOS";"2026-05-16";"2026-05-11 00:00:00";"JUAN VICENTE PAEZ OSPINA"
224;"901801138";"LLAMADA";"SE LLAMA AL CLIENTE";"EN EL MOMENTO NO TIENE REQUERIMIENTOS DE NUESTROS PRODUCTOS";"2026-05-16";"2026-05-11 00:00:00";"JUAN VICENTE PAEZ OSPINA"
225;"901858097";"LLAMADA";"SE LLAMA AL CLIENTE";"EN EL MOMENTO NO TIENE REQUERIMIENTOS DE NUESTROS PRODUCTOS";"2026-05-16";"2026-05-11 00:00:00";"JUAN VICENTE PAEZ OSPINA"
226;"901874161";"LLAMADA";"SE LLAMA AL CLIENTE";"EN EL MOMENTO NO TIENE REQUERIMIENTOS DE NUESTROS PRODUCTOS";"2026-05-16";"2026-05-11 00:00:00";"JUAN VICENTE PAEZ OSPINA"
227;"56056245";"LLAMADA";"SE LLAMA AL CLIENTE";"PROYECTO UNICO. NO TIENE NADA EN LA ACTUALIDAD";"2026-05-17";"2026-05-12 00:00:00";"JUAN VICENTE PAEZ OSPINA"
228;"830010170";"LLAMADA";"SE LLAMA AL CLIENTE";"EN EL MOMENTO NO TIENE REQUERIMIENTOS DE NUESTROS PRODUCTOS";"2026-05-17";"2026-05-12 00:00:00";"JUAN VICENTE PAEZ OSPINA"
229;"830036940";"LLAMADA";"SE LLAMA AL CLIENTE";"EN EL MOMENTO NO TIENE REQUERIMIENTOS DE NUESTROS PRODUCTOS";"2026-05-17";"2026-05-12 00:00:00";"JUAN VICENTE PAEZ OSPINA"
230;"900084682";"LLAMADA";"SE LLAMA AL CLIENTE";"EN EL MOMENTO NO TIENE REQUERIMIENTOS DE NUESTROS PRODUCTOS";"2026-05-17";"2026-05-12 00:00:00";"JUAN VICENTE PAEZ OSPINA"
231;"900156264";"LLAMADA";"SE LLAMA AL CLIENTE";"EN EL MOMENTO NO TIENE REQUERIMIENTOS DE NUESTROS PRODUCTOS";"2026-05-17";"2026-05-12 00:00:00";"JUAN VICENTE PAEZ OSPINA"
232;"900445829";"LLAMADA";"SE LLAMA AL CLIENTE";"EN EL MOMENTO NO TIENE REQUERIMIENTOS DE NUESTROS PRODUCTOS";"2026-05-17";"2026-05-12 00:00:00";"JUAN VICENTE PAEZ OSPINA"
233;"901033044";"LLAMADA";"SE LLAMA AL CLIENTE";"EN EL MOMENTO NO TIENE REQUERIMIENTOS DE NUESTROS PRODUCTOS";"2026-05-17";"2026-05-12 00:00:00";"JUAN VICENTE PAEZ OSPINA"
234;"901152537";"LLAMADA";"SE LLAMA AL CLIENTE";"EN EL MOMENTO NO TIENE REQUERIMIENTOS DE NUESTROS PRODUCTOS";"2026-05-17";"2026-05-12 00:00:00";"JUAN VICENTE PAEZ OSPINA"
235;"901251912";"LLAMADA";"SE LLAMA AL CLIENTE";"EN EL MOMENTO NO TIENE REQUERIMIENTOS DE NUESTROS PRODUCTOS";"2026-05-17";"2026-05-12 00:00:00";"JUAN VICENTE PAEZ OSPINA"
236;"901359175";"LLAMADA";"SE LLAMA AL CLIENTE";"EN EL MOMENTO NO TIENE REQUERIMIENTOS DE NUESTROS PRODUCTOS";"2026-05-17";"2026-05-12 00:00:00";"JUAN VICENTE PAEZ OSPINA"
237;"901920231";"LLAMADA";"SE LLAMA AL CLIENTE";"EN EL MOMENTO NO TIENE REQUERIMIENTOS DE NUESTROS PRODUCTOS";"2026-05-17";"2026-05-12 00:00:00";"JUAN VICENTE PAEZ OSPINA"
238;"901931671";"LLAMADA";"SE LLAMA AL CLIENTE";"EN EL MOMENTO NO TIENE REQUERIMIENTOS DE NUESTROS PRODUCTOS";"2026-05-17";"2026-05-12 00:00:00";"JUAN VICENTE PAEZ OSPINA"
239;"1022929019";"LLAMADA";"SE LLAMA AL CLIENTE";"NO TIENE PROYECTOS EN LA ACTUALIDAD";"2026-05-17";"2026-05-12 00:00:00";"JUAN VICENTE PAEZ OSPINA"
240;"800251165";"LLAMADA";"CLIENTE SOLICITA NUEVA OFERTA";"SE ENVIA OFERTA NUEVA";"2026-05-18";"2026-05-13 00:00:00";"JUAN VICENTE PAEZ OSPINA"
241;"802024688";"LLAMADA";"SE LLAMA AL CLIENTE";"NO TIENE PROYECTOS EN LA ACTUALIDAD";"2026-05-18";"2026-05-13 00:00:00";"JUAN VICENTE PAEZ OSPINA"
242;"830037420";"LLAMADA";"SE LLAMA AL CLIENTE";"NO TIENE PROYECTOS EN LA ACTUALIDAD";"2026-05-18";"2026-05-13 00:00:00";"JUAN VICENTE PAEZ OSPINA"
243;"830064759";"LLAMADA";"SE LLAMA AL CLIENTE";"NO TIENE PROYECTOS EN LA ACTUALIDAD";"2026-05-18";"2026-05-13 00:00:00";"JUAN VICENTE PAEZ OSPINA"
244;"830082285";"LLAMADA";"SE LLAMA AL CLIENTE";"NO TIENE PROYECTOS EN LA ACTUALIDAD";"2026-05-18";"2026-05-13 00:00:00";"JUAN VICENTE PAEZ OSPINA"
245;"900038620";"LLAMADA";"SE LLAMA AL CLIENTE";"NO TIENE PROYECTOS EN LA ACTUALIDAD";"2026-05-18";"2026-05-13 00:00:00";"JUAN VICENTE PAEZ OSPINA"
246;"900255893";"LLAMADA";"SE LLAMA AL CLIENTE";"NO TIENE PROYECTOS EN LA ACTUALIDAD";"2026-05-18";"2026-05-13 00:00:00";"JUAN VICENTE PAEZ OSPINA"
247;"900786651";"LLAMADA";"SE LLAMA AL CLIENTE";"NO TIENE PROYECTOS EN LA ACTUALIDAD";"2026-05-18";"2026-05-13 00:00:00";"JUAN VICENTE PAEZ OSPINA"
248;"900901673";"LLAMADA";"SE LLAMA AL CLIENTE";"NO TIENE PROYECTOS EN LA ACTUALIDAD";"2026-05-18";"2026-05-13 00:00:00";"JUAN VICENTE PAEZ OSPINA"
249;"901098345";"LLAMADA";"SE LLAMA AL CLIENTE";"NO TIENE PROYECTOS EN LA ACTUALIDAD";"2026-05-18";"2026-05-13 00:00:00";"JUAN VICENTE PAEZ OSPINA"
250;"901155508";"LLAMADA";"SE LLAMA AL CLIENTE";"NO TIENE PROYECTOS EN LA ACTUALIDAD";"2026-05-18";"2026-05-13 00:00:00";"JUAN VICENTE PAEZ OSPINA"
251;"901337193";"LLAMADA";"SE LLAMA AL CLIENTE";"NO TIENE PROYECTOS EN LA ACTUALIDAD";"2026-05-18";"2026-05-13 00:00:00";"JUAN VICENTE PAEZ OSPINA"
252;"901595267";"LLAMADA";"SE LLAMA AL CLIENTE";"NO TIENE PROYECTOS EN LA ACTUALIDAD";"2026-05-18";"2026-05-13 00:00:00";"JUAN VICENTE PAEZ OSPINA"
253;"901674995";"LLAMADA";"SE LLAMA AL CLIENTE";"NO TIENE PROYECTOS EN LA ACTUALIDAD";"2026-05-18";"2026-05-13 00:00:00";"JUAN VICENTE PAEZ OSPINA"
254;"901940203";"LLAMADA";"SE LLAMA AL CLIENTE";"NO TIENE PROYECTOS EN LA ACTUALIDAD";"2026-05-18";"2026-05-13 00:00:00";"JUAN VICENTE PAEZ OSPINA"
255;"800251165";"LLAMADA";"CLIENTE SOLICITA NUEVA OFERTA";"SE ENVIA OFERTA NUEVA";"2026-05-19";"2026-05-25 00:00:00";"JUAN VICENTE PAEZ OSPINA"
256;"800205914";"LLAMADA";"SE LLAMA AL CLENTE";"NO TIENE PROYECTOS ";"2026-05-19";"2026-05-26 00:00:00";"JUAN VICENTE PAEZ OSPINA"
257;"800217972";"LLAMADA";"SE LLAMA AL CLENTE";"POR EL MOMENTO NO TIENEN REQUERIMIENTOS";"2026-05-19";"2026-05-26 00:00:00";"JUAN VICENTE PAEZ OSPINA"
258;"800250348";"LLAMADA";"SE LLAMA AL CLENTE";"NO TIENE PROYECTOS ";"2026-05-19";"2026-05-14 00:00:00";"JUAN VICENTE PAEZ OSPINA"
259;"830058578";"LLAMADA";"SE LLAMA AL CLENTE";"POR EL MOMENTO NO TIENEN REQUERIMIENTOS";"2026-05-19";"2026-05-14 00:00:00";"JUAN VICENTE PAEZ OSPINA"
260;"830097946";"LLAMADA";"SE LLAMA AL CLENTE";"POR EL MOMENTO NO TIENEN REQUERIMIENTOS";"2026-05-19";"2026-05-14 00:00:00";"JUAN VICENTE PAEZ OSPINA"
261;"830137252";"LLAMADA";"SE LLAMA AL CLENTE";"CLIENTE NO TIENE PROYECTOS ACTUALMENTE";"2026-05-19";"2026-05-14 00:00:00";"JUAN VICENTE PAEZ OSPINA"
262;"860001965";"LLAMADA";"SE LLAMA AL CLENTE";"NO TIENE PROYECTOS ";"2026-05-19";"2026-05-14 00:00:00";"JUAN VICENTE PAEZ OSPINA"
263;"860026892";"LLAMADA";"SE LLAMA AL CLENTE";"NO TIENE PROYECTOS ";"2026-05-19";"2026-05-14 00:00:00";"JUAN VICENTE PAEZ OSPINA"
264;"860071887";"LLAMADA";"SE LLAMA AL CLENTE";"AL MOMENTO NO HAY PROYECTOS, NOS CONTACTAN CUANDO TENGAN ALGÚN REQUERIMIENTO";"2026-05-19";"2026-05-14 00:00:00";"JUAN VICENTE PAEZ OSPINA"
265;"900229496";"LLAMADA";"SE LLAMA AL CLENTE";"AL MOMENTO NO HAY PROYECTOS, NOS CONTACTAN CUANDO TENGAN ALGÚN REQUERIMIENTO";"2026-05-19";"2026-05-14 00:00:00";"JUAN VICENTE PAEZ OSPINA"
266;"900540736";"LLAMADA";"SE LLAMA AL CLENTE";"AL MOMENTO NO HAY PROYECTOS, NOS CONTACTAN CUANDO TENGAN ALGÚN REQUERIMIENTO";"2026-05-19";"2026-05-14 00:00:00";"JUAN VICENTE PAEZ OSPINA"
267;"900780828";"LLAMADA";"SE LLAMA AL CLENTE";"POR EL MOMENTO NO TIENEN REQUERIMIENTOS";"2026-05-19";"2026-05-14 00:00:00";"JUAN VICENTE PAEZ OSPINA"
268;"900893797";"LLAMADA";"SE LLAMA AL CLENTE";"NO TIENE PROYECTOS ";"2026-05-19";"2026-05-14 00:00:00";"JUAN VICENTE PAEZ OSPINA"
269;"900945404";"LLAMADA";"SE LLAMA AL CLENTE";"POR EL MOMENTO NO TIENEN REQUERIMIENTOS";"2026-05-19";"2026-05-14 00:00:00";"JUAN VICENTE PAEZ OSPINA"
270;"901157147";"LLAMADA";"SE LLAMA AL CLENTE";"NO TIENE EN LA ACTUALIDAD REQUERIMIENTOS PARA NUESTROS PRODUCTOS";"2026-05-19";"2026-05-14 00:00:00";"JUAN VICENTE PAEZ OSPINA"
271;"901229729";"LLAMADA";"SE LLAMA AL CLENTE";"NO TIENE PROYECTOS ";"2026-05-19";"2026-05-14 00:00:00";"JUAN VICENTE PAEZ OSPINA"
272;"901245611";"LLAMADA";"SE LLAMA AL CLENTE";"AL MOMENTO NO HAY PROYECTOS, NOS CONTACTAN CUANDO TENGAN ALGÚN REQUERIMIENTO";"2026-05-19";"2026-05-14 00:00:00";"JUAN VICENTE PAEZ OSPINA"
273;"901354392";"LLAMADA";"SE LLAMA AL CLENTE";"NO TIENE PROYECTOS ";"2026-05-19";"2026-05-14 00:00:00";"JUAN VICENTE PAEZ OSPINA"
274;"901386168";"LLAMADA";"SE LLAMA AL CLENTE";"NO TIENE PROYECTOS ";"2026-05-19";"2026-05-14 00:00:00";"JUAN VICENTE PAEZ OSPINA"
275;"901706676";"LLAMADA";"SE LLAMA AL CLENTE";"AL MOMENTO NO HAY PROYECTOS, NOS CONTACTAN CUANDO TENGAN ALGÚN REQUERIMIENTO";"2026-05-19";"2026-05-14 00:00:00";"JUAN VICENTE PAEZ OSPINA"
276;"800251165";"WHATSAPP";"CLIENTE HACE PAGO";"SE ELEBORA PEDIDO";"2026-05-20";"2026-05-15 00:00:00";"JUAN VICENTE PAEZ OSPINA"
277;"79355835";"LLAMADA";"SE LLAMA AL CLIENTE";"POR AHORA NO NECESITA NADA";"2026-05-20";"2026-05-26 00:00:00";"JUAN VICENTE PAEZ OSPINA"
278;"79829724";"LLAMADA";"SE LLAMA AL CLIENTE";"POR AHORA NO NECESITA NADA";"2026-05-20";"2026-05-26 00:00:00";"JUAN VICENTE PAEZ OSPINA"
279;"830085540";"LLAMADA";"SE LLAMA AL CLIENTE";"CLIENTE NO TIENE PROYECTOS ACTUALMENTE";"2026-05-20";"2026-05-26 00:00:00";"JUAN VICENTE PAEZ OSPINA"
280;"899999124";"LLAMADA";"SE LLAMA AL CLIENTE";"AL MOMENTO NO HAY PROYECTOS, NOS CONTACTAN CUANDO TENGAN ALGÚN REQUERIMIENTO";"2026-05-20";"2026-05-15 00:00:00";"JUAN VICENTE PAEZ OSPINA"
281;"900907783";"LLAMADA";"SE LLAMA AL CLIENTE";"POR AHORA NO NECESITA NADA";"2026-05-20";"2026-05-15 00:00:00";"JUAN VICENTE PAEZ OSPINA"
282;"901252089";"LLAMADA";"SE LLAMA AL CLIENTE";"POR EL MOMENTO NO TIENEN REQUERIMIENTOS";"2026-05-20";"2026-05-15 00:00:00";"JUAN VICENTE PAEZ OSPINA"
283;"901444146";"LLAMADA";"SE LLAMA AL CLIENTE";"POR AHORA NO NECESITA NADA";"2026-05-20";"2026-05-15 00:00:00";"JUAN VICENTE PAEZ OSPINA"
284;"901495313";"LLAMADA";"SE LLAMA AL CLIENTE";"AL MOMENTO NO HAY PROYECTOS, NOS CONTACTAN CUANDO TENGAN ALGÚN REQUERIMIENTO";"2026-05-20";"2026-05-15 00:00:00";"JUAN VICENTE PAEZ OSPINA"
285;"901514754";"LLAMADA";"SE LLAMA AL CLIENTE";"AL MOMENTO NO HAY PROYECTOS, NOS CONTACTAN CUANDO TENGAN ALGÚN REQUERIMIENTO";"2026-05-20";"2026-05-15 00:00:00";"JUAN VICENTE PAEZ OSPINA"
286;"901660833";"LLAMADA";"SE LLAMA AL CLIENTE";"CLIENTE NO TIENE PROYECTOS AN LA ACTUALIDAD";"2026-05-20";"2026-05-25 00:00:00";"JUAN VICENTE PAEZ OSPINA"
287;"901737194";"LLAMADA";"SE LLAMA AL CLIENTE";"CLIENTE NO TIENE PROYECTOS ACTUALMENTE";"2026-05-20";"2026-05-25 00:00:00";"JUAN VICENTE PAEZ OSPINA"
288;"904830006";"LLAMADA";"SE LLAMA AL CLIENTE";"CLIENTE NO TIENE PROYECTOS ACTUALMENTE";"2026-05-20";"2026-05-25 00:00:00";"JUAN VICENTE PAEZ OSPINA"
289;"13702636";"LLAMADA";"CLIENTE SOLICITA COTIZACION PARA 1000 M2 DE MALLA EXPANDIDA, SE LE HACE LA COTIZACION";"LLAMAR EL 26 DE MAYO";"2026-05-28";"2026-05-23 00:00:00";"JUAN VICENTE PAEZ OSPINA"
290;"900325497";"WHATSAPP";"SE LE ESCRIBE AL CLIENTE PARA PREGUNTAR POR LA OFERTA ENVIADA, COMENTA QUE ES PARA UN CONJUNTO EN GUACHETA, QUE ESTA EN ESTUDIO Y RESPONDE LO SIGUIENTE: ""MIRA YO YA HE COMPRADO CON USTEDES Y SE QUE POR SER FABRICA LOS PRECIOS SON INMEJORABLES SI EL PROYECTO SE DA ME CONTACTO CON USTEDES DE INMEDIATO""""""";"MENSAJE DE SEGUIMIENTO";"2026-05-30";"2026-05-25 00:00:00";"JUAN VICENTE PAEZ OSPINA"
291;"900260920";"LLAMADA";"SE LLAMA AL CLIENTE";"PROYECTO EN STANDBY POR LLUVIAS";"2026-05-31";"2026-05-26 00:00:00";"JUAN VICENTE PAEZ OSPINA"
292;"13702636";"WHATSAPP";"SE LE ESCRIBE AL CLIENTE PARA INDICARLE EN UN MEJOR PRECVIO SI CERRAMOS NEGOCIO ESTA SEMANA, A LA ESPERA DE RESPUESTA";"VOLVER A CONTACTAR";"2026-05-31";"2026-05-26 00:00:00";"JUAN VICENTE PAEZ OSPINA"
293;"79906730";"WHATSAPP";"SE LE ENVIA OFERTA DE PANEL REYCO DE 2.50x2.20 Y UNA PUERTA DOBLE HOJA DE 2.80x2.50";"AVERIGUAR POR LA OFERTA";"2026-05-28";"2026-05-27 10:50:45";"JUAN VICENTE PAEZ OSPINA"
294;"901328488";"LLAMADA";"NO SE HA DEFINIO NADA POR PARTE DEL CLIENTE FINAL";"LLAMAR DE NUEVO";"2026-05-29";"2026-05-27 14:23:27";"JUAN VICENTE PAEZ OSPINA"
295;"79278768";"LLAMADA";"SE LE LLAMA PERO NO CONTESTA.";"LLAMAR DE NUEVO";"2026-05-28";"2026-05-27 00:00:00";"JUAN VICENTE PAEZ OSPINA"
296;"79970667";"COTIZACION";"CLIENTE SOLICITA 100 CONCERTINAS SE ENVIA LA OFERTA";"ESPERAR PAGO";"2026-05-29";"2026-05-28 00:00:00";"JUAN VICENTE PAEZ OSPINA"
297;"900949398";"LLAMADA";"CLIENTE POR EL MOMENTO NO TIENE REQUERIMIENTOS";"SEGUR CONTACTANDO";"2026-06-05";"2026-05-28 00:00:00";"JUAN VICENTE PAEZ OSPINA"
298;"79906730";"WHATSAPP";"CLIENTE SOLICITA AJUSTES EN LAS OFERTAS SE ENVIAN NUEVAS COTIZACIONES CON LOS AJUSTES SOLICITADOS";"CONFIRMAR RECEPCION DE OFERTAS";"2026-05-29";"2026-05-28 00:00:00";"JUAN VICENTE PAEZ OSPINA"
299;"79278768";"LLAMADA";"CLIENTE INFORMA QUE PARA EL OTRO MES TOMAN LA DESICION";"LLAMAR DE NUEVO";"2026-06-01";"2026-05-28 00:00:00";"JUAN VICENTE PAEZ OSPINA"
300;"79906730";"WHATSAPP";"CLIENTE ESTA ESTUDIANDO LA PROPUESTA, LLAMAR EL 29/05/2026";"MENSAJE DE SEGUIMIENTO";"2026-05-29";"2026-05-28 00:00:00";"JUAN VICENTE PAEZ OSPINA"
301;"J-29730621-8";"LLAMADA";"CLIENTE ESTA A LA ESPERA DE PAGO POR PARTE DEL CLIENTE FINAL";"LLAMAR DE NUEVO";"2026-05-29";"2026-05-28 00:00:00";"JUAN VICENTE PAEZ OSPINA"
302;"900260920";"LLAMADA";"VA A HACER UNAS CONSULTAS Y HABLAMOS MAŃANA EN LA MAŃANA";"LLAMAR DE NUEVO";"2026-06-01";"2026-05-28 00:00:00";"JUAN VICENTE PAEZ OSPINA"
303;"900325497";"LLAMADA";"EL CONJUNTO AUN NO DEFINE EL CERRAMIENTO";"LLAMAR DE NUEVO";"2026-06-01";"2026-05-28 00:00:00";"JUAN VICENTE PAEZ OSPINA"
304;"13702636";"LLAMADA";"CLIENTE FINAL AUN NO HACE EL ANTICIPO PARA HACER LA COMPRA CON NOSOTROS";"LLAMAR DE NUEVO";"2026-05-29";"2026-05-28 00:00:00";"JUAN VICENTE PAEZ OSPINA"
305;"79340110";"LLAMADA";"PROYECTO AUN EN ESTUDIO";"LLAMAR DE NUEVO";"2026-06-01";"2026-05-28 00:00:00";"JUAN VICENTE PAEZ OSPINA"
306;"901830389";"LLAMADA";"CLIENTE INDICA QUE LO LLAME MAŃANA PARA VER RPESUPUESTO";"LLAMAR DE NUEVO";"2026-05-29";"2026-05-28 00:00:00";"JUAN VICENTE PAEZ OSPINA"
307;"901229729";"LLAMADA";"CLIENTE POR EL MOMENTO NO TIENE REQUERIMIENTOS";"LLAMAR DE NUEVO";"2026-06-01";"2026-05-28 00:00:00";"JUAN VICENTE PAEZ OSPINA"
308;"900024921";"LLAMADA";"POR EL MOMENTO NO HAY REQUERIMIENTOS";"LLAMAR DE NUEVO";"2026-06-01";"2026-05-28 00:00:00";"JUAN VICENTE PAEZ OSPINA"
309;"900917704";"LLAMADA";"CLIENTE INFORMA QUE NO TIENE POR AHORA REQUERIMIENTOS, QUE NOS TENDRAN EN CUENTA";"LLAMAR DE NUEVO";"2026-06-01";"2026-05-26 00:00:00";"JUAN VICENTE PAEZ OSPINA"
310;"901364281";"LLAMADA";"CLIENTE INFORMA QUE ESTAN EN ESPERA DE NUEVOS PROYECTOS";"LLAMAR DE NUEVO";"2026-06-01";"2026-05-26 00:00:00";"JUAN VICENTE PAEZ OSPINA"
