;id;cliente;direccion;telefono;ciudad;departamento;ciudad_id;departamento_id;email;sector;sector_id;contacto;tel_contacto;asesor;maneja_sucursales;estado;fecha_creacion
1;11348883;BELLO FORERO NESTOR HUGO;CR 16 12 17;3112219250;Zipaquira;Cundinamarca;14116;14;dizelectricos@hotmail.com;;NULL;NESTOR FORERO;3102429664;JUAN VICENTE PAEZ OSPINA;NO;ACTIVO;20/05/2026 14:36
2;13702636;HIRVIN LEONDEILAN ARDILA PEREZ;DG 17 B 89 50 TO 7 AP 103;6013549977;Bogota D.C.;Bogotá, D.C.;3301;33;hirvinleon@yahoo.com;Constructora;6;HIRVIN LEONDEILAN ARDILA PEREZ;3222400857;JUAN VICENTE PAEZ OSPINA;NO;ACTIVO;23/05/2026 9:25
3;79340110;GUILLERMO GAMBA;;;NULL;NULL;NULL;NULL;;NULL;NULL;GUILLERMO GAMBA;3223101713;JUAN VICENTE PAEZ OSPINA;NO;ACTIVO;21/05/2026 14:25
4;79787115;AREVALO CHAVEZ COUNTRY CLUB CANINO Y/O CIRO ALEJANDRO;CL 127 C 1 40 CA 20 BRR UNICERROS LOCALIDAD DE USAQUEN;3024958085;Bogota D.C.;Bogota, D.C.;3301;33;fodoli@gmail.com;;NULL;CIRO ALEJANDRO AREVALO;3024958085;JUAN VICENTE PAEZ OSPINA;NO;ACTIVO;20/05/2026 14:36
5;800002030;COLSEIN SAS;PAR INDUSTRIAL GRAN SABANA ED 32;3173312424;Bogota D.C.;Bogota, D.C.;3301;33;feproveedor@colsein.com.co;;NULL;ANDRES CRUZ;3173312424;JUAN VICENTE PAEZ OSPINA;NO;ACTIVO;20/05/2026 14:36
6;800011797;INDUSTRIAS MENBEL SAS;CR 67 4 B 45 BRR LA PRADERA;6014069090;Bogota D.C.;Bogota, D.C.;3301;33;contabilidad@menbelltda.com;;NULL;ISABEL DIAZ;3507527114;JUAN VICENTE PAEZ OSPINA;NO;ACTIVO;20/05/2026 14:36
7;800215694;VESGA MORENO INGENIEROS SAS BIC;CL 31 A 26 15 OF 602 CC F L;6076392241;Floridablanca;Santander;2733;27;facturacionelectronica@vesgamoreno.com.co;;NULL;EDER DURAN;3142958725;JUAN VICENTE PAEZ OSPINA;NO;ACTIVO;20/05/2026 14:36
8;800217972;SERVICIOS EN TELECOMUNICACIONES TELEMATICA, SISTEMAS Y CONTROL DE CORROSION S.A.S.;CL 124 7 C 09;6016201170;Bogota D.C.;Bogota, D.C.;3301;33;info@telmacom.com;;NULL;CAMILO CUBIDES;3004698092;JUAN VICENTE PAEZ OSPINA;NO;ACTIVO;20/05/2026 14:36
9;800241849;C D I S.A EN REORGANIZACION EMPRESARIAL;CR 56 B 7 A 45 BRR BELLAVISTA;6056517077;Cartagena;Bolívar;501;5;gerenciaadministrativa@cdisa.co;;NULL;RAFAEL ALVAREZ;3106901823;JUAN VICENTE PAEZ OSPINA;NO;ACTIVO;20/05/2026 14:36
10;800250348;TAILCO SOCIEDAD POR ACCIONES SIMPLIFICADA S.A.S;CR 13 140 30 BRR CEDRITOS;3124327716;Bogota D.C.;Bogota, D.C.;3301;33;ventas@tailco.co;;NULL;LEONOR BUITRAGO;3124327716;JUAN VICENTE PAEZ OSPINA;NO;ACTIVO;20/05/2026 14:36
11;800251165;CIA FERRETERA DE ANJEOS Y MALLAS LTDA;CL 17 25 21;3602267;Bogota D.C.;Bogota, D.C.;3301;33;facturaelectronica@anjeosymallas.com.co;;NULL;YANET ROMERO;3123653081;JUAN VICENTE PAEZ OSPINA;NO;ACTIVO;20/05/2026 14:36
12;813011746;L2M INGENIERIA INTEGRAL LTDA;CR 4 BIS 21 07;3153472208;Pereira;Risaralda;2501;25;l2mingenieria@hotmail.com;;NULL;JUAN ESTEBAN ZEA ZULUAGA;3128712644;JUAN VICENTE PAEZ OSPINA;NO;ACTIVO;20/05/2026 14:36
13;820001830;LEAL INGENIEROS SAS;CL 100 60 04 OF 601;6016139456;Bogota D.C.;Bogota, D.C.;3301;33;lealingenieros@yahoo.com;;NULL;JOSE ANTONIO LEAL;3106801769;JUAN VICENTE PAEZ OSPINA;NO;ACTIVO;20/05/2026 14:36
14;826003228;PSI LTDA;CR 10A 23 12;6087709771;Sogamoso;Boyacá;698;6;gerencia@psilimitada.com;;NULL;DOÑA ANDREA;3124503786;JUAN VICENTE PAEZ OSPINA;NO;ACTIVO;20/05/2026 14:36
15;826003926;GEOCIVILES INGENIERIA S.A.S;CL 16 14 41 O F 10 06;6087611918;Duitama;Boyacá;NULL;NULL;geotecluis@yahoo.es;Constructora;6;DANIEL;3123303800;JUAN VICENTE PAEZ OSPINA;NO;ACTIVO;20/05/2026 14:36
16;830010170;NUTRIANALISIS LTDA;CL 24 A 44 A 12;6013682580;Bogota D.C.;Bogota, D.C.;3301;33;nutrianalisis@nutrianalisis.co;;NULL;CARLOS D.;3002062446;JUAN VICENTE PAEZ OSPINA;NO;ACTIVO;20/05/2026 14:36
17;830019298;AGRUPACION RESIDENCIAL  NUEVA TIBABUYES SECTOR A P-H;CR 123 131 61;6014962908;Bogota D.C.;Bogota, D.C.;NULL;NULL;anuevatibabuyesa@gmail.com;Conjuntos residenciales;11;ANGIE GARAVITO;3008194501;JUAN VICENTE PAEZ OSPINA;NO;ACTIVO;20/05/2026 14:36
18;830031092;LENGUAJE URBANO SOCIEDAD ANONIMA;CL 110 7D 32;6014737541;Bogota D.C.;Bogota, D.C.;3301;33;lenguajeurbano893@gmail.com;;NULL;JUAN JOSE RENGIFO;3209684489;JUAN VICENTE PAEZ OSPINA;NO;ACTIVO;20/05/2026 14:36
19;830036940;MODERLINE S A S;CL 18 65B 22 BRR ZONA IND. PUENTE ARANDA;6012604667;Bogota D.C.;Bogota, D.C.;3301;33;factura.proveedores@moderline.co;;NULL;DANIELA CASTILLO;3212445639;JUAN VICENTE PAEZ OSPINA;NO;ACTIVO;20/05/2026 14:36
20;830057855;JUNTA DE ACCION COMUNAL DEL BARRIO EL PARQUE MORABIA LOCALIDAD 8 KENNEDY;CL 43 SUR 72P 14;3144109978;Bogota D.C.;Bogota, D.C.;3301;33;presidenciajac.morabia2022@gmail.com;;NULL;JOHN JAIRO APONTE;3144109978;JUAN VICENTE PAEZ OSPINA;NO;ACTIVO;20/05/2026 14:36
21;830058578;SANDOVAL ASOCIADOS INGENIERIA-ARQUITECTURA S.A.S;CL 104 14A 45 OF 305;6018056350;Bogota D.C.;Bogota, D.C.;3301;33;facturacionsandovalasociados@gmail.com;;NULL;LIDA PADILLA;3154754130;JUAN VICENTE PAEZ OSPINA;NO;ACTIVO;20/05/2026 14:36
22;8300589551;CONJUNTO RESIDENCIAL QUINTAS DE SANTA CECILIA ll PRIMERA ETAPA;CLL 49 SUR 88C 50;3123639990;Bogota D.C.;Bogota, D.C.;3301;33;quintasdesantacecilia.1etapa@gmail.com;;NULL;MARIBEL GARCIA;3123639990;JUAN VICENTE PAEZ OSPINA;NO;ACTIVO;20/05/2026 14:36
23;830063785;JUNTA DE ACCION COMUNAL DEL BARRIO LECH WALESA O NUEVO CORINTO DE LA LOCALIDAD 11, SUBA;CL 128D BIS 101 02;3214315620;Bogota D.C.;Bogota, D.C.;3301;33;jkfajardobarinas@gmail.com;;NULL;JUAN CARLOS FRAJARDO;3214315620;JUAN VICENTE PAEZ OSPINA;NO;ACTIVO;20/05/2026 14:36
24;830068390;COLEGIO DE CAMBRIDGE SAS;VDA LA AURORA;3108680302;La Calera;Cundinamarca;1448;14;financiera@colegiocambridge.edu.co;;NULL;MARIANA BARON;3214052632;JUAN VICENTE PAEZ OSPINA;NO;ACTIVO;20/05/2026 14:36
25;830082285;PERT DPM SAS;DG 60 22A 20;6017431495;Bogota D.C.;Bogota, D.C.;3301;33;etorres@pertdpm.com.co;;NULL;DIANA LICETH ROJAS MESA;3143592583;JUAN VICENTE PAEZ OSPINA;NO;ACTIVO;20/05/2026 14:36
26;830085540;UNIVERSAL DE CAUCHOS HURTADO SAS;CR 29 10 25;2474301;Bogota D.C.;Bogota, D.C.;3301;33;facturacionelectronica@universaldecauchos.com;;NULL;KATERINE GOMEZ ANGARITA;3194536130;JUAN VICENTE PAEZ OSPINA;NO;ACTIVO;20/05/2026 14:36
27;830085826;COLDISMEC SECURITY SAS;CR 69A 31 22 SUR;4035462;Bogota D.C.;Bogota, D.C.;3301;33;facturacion@coldismec.com;;NULL;ANA MARIA GIRALDO;3132624158;JUAN VICENTE PAEZ OSPINA;NO;ACTIVO;20/05/2026 14:36
28;830088602;INGENIERIA COLOMBIANA Y ALQUILER DE MAQUINARIA INGECOLMAQ S.A.S;KM 1 5 VIA CHIA - CAJICA ED OXUS OF 412;6018844653;Chia;Cundinamarca;1416;14;contabilidad@ingecolmaq.com;;NULL;JULIAN LOPEZ;3013393551;JUAN VICENTE PAEZ OSPINA;NO;ACTIVO;20/05/2026 14:36
29;830131392;CONJUNTO RESIDENCIAL SANTA MARIA RESERVADO 1 P.H.;CL 2 90 A 47 BRR TINTAL CENTRAL;6016057579;Bogota D.C.;Bogota, D.C.;3301;33;crstamaria1@gmail.com;;NULL;LINA MARIA ARISTIZABAL;3002049119;JUAN VICENTE PAEZ OSPINA;NO;ACTIVO;20/05/2026 14:36
30;830141859;KA S.A.S.;CR 22 168 23 BG 316;3166900909;Bogota D.C.;Bogota, D.C.;3301;33;kasa.ingenieria@gmail.com;;NULL;ARQ. JOHN EDWIN PLAZAS MARTINEZ;3132370526;JUAN VICENTE PAEZ OSPINA;NO;ACTIVO;20/05/2026 14:36
31;832006599;INZIGNIA CONSTRUCTION S.A.;AUT NORTE KM 21 IN OLIMPICA;3174341003;Chia;Cundinamarca;1416;14;facturacion@css-constructores.com;Constructora;6;ING JAVIER SANTRICH;3008883022;JUAN VICENTE PAEZ OSPINA;NO;ACTIVO;20/05/2026 14:36
32;860001930;COLEGIO ROCHESTER S.A.S;VDA FUSCA KM 15 AUT NORTE COSTADO ORIENTAL COL ROCHESTER;601917217 1;Chia;Cundinamarca;1416;14;proveedor1@rochester.edu.co;;NULL;JAIME MEDINA;3002078004;JUAN VICENTE PAEZ OSPINA;NO;ACTIVO;20/05/2026 14:36
33;860001965;TEXTILES LAFAYETTE SAS;CL 15 72 95;3227677848;Bogota D.C.;Bogota, D.C.;3301;33;recfacturae@lafayette.com;;NULL;ALEJANDRO ESGUERRA;3213137082;JUAN VICENTE PAEZ OSPINA;NO;ACTIVO;20/05/2026 14:36
34;860002119;HUNTER DOUGLAS DE COLOMBIA SAS;VDA LA PUNTA AUT MEDELLIN KM 6 (!) COSTADO SUR ENTRANDO 400 (!) METROS ESQ;6014321000;Tenjo;Cundinamarca;1497;14;erodriguez@hdlao.com;;NULL;CESAR TORRES;3123204410;JUAN VICENTE PAEZ OSPINA;NO;ACTIVO;20/05/2026 14:36
35;860006523;COLEGIO COLOMBO HEBREO;CR 50 152A 55;6016711303;Bogota D.C.;Bogota, D.C.;3301;33;secgeneral@cch.edu.co;;NULL;JOSE FERNANDO SERRANO;3203828331;JUAN VICENTE PAEZ OSPINA;NO;ACTIVO;20/05/2026 14:36
36;860009453;CORPORACION CLUB CAMPESTRE LOS ARRAYANES;AUT NORTE KM 14 VIA INMACULADA;6016760070;Bogota D.C.;Bogota, D.C.;3301;33;0;;NULL;ANDIS ANTONIO TORRES;6016760070 EXT. 2100;JUAN VICENTE PAEZ OSPINA;NO;ACTIVO;20/05/2026 14:36
37;860011109;HILANDERIAS BOGOTA S.A;CLL 113 7 21 OF 1006 ED TLEPORT TO A;3102493807;Bogota D.C.;Bogota, D.C.;3301;33;secretaria.compras@hilanderiasbogota.com;;NULL;IRENE PARRA;3102493807;JUAN VICENTE PAEZ OSPINA;NO;ACTIVO;20/05/2026 14:36
38;860016662;COMITE OLIMPICO COLOMBIANO;AV 68 55 65;6016300093;Bogota D.C.;Bogota, D.C.;3301;33;coc@olimpicocol.co;;NULL;JOHANA PINILLA;3104121926;JUAN VICENTE PAEZ OSPINA;NO;ACTIVO;20/05/2026 14:36
39;860023814;FUNDACIÓN EDUCATIVA DE INGLATERRA;AV CL 170 15 68 BRR LA URIBE;6016767700;Bogota D.C.;Bogota, D.C.;3301;33;contabilidad@englishschool.edu.co;;NULL;GUIOVANNI AVILÉS;3052992715;JUAN VICENTE PAEZ OSPINA;NO;ACTIVO;20/05/2026 14:36
40;860026892;SERVICIOS INDUSTRIALES TECNICOS SAS;CR 127 15 B 10;6014131200;Bogota D.C.;Bogota, D.C.;3301;33;acc-hr@servintec.com.co;;NULL;JAIRO HERNANDEZ;3157394136;JUAN VICENTE PAEZ OSPINA;NO;ACTIVO;20/05/2026 14:36
41;860043787;ASOCIACION LIGA DE NUEVA VIDA;CR 7 166 51 BRR SANCRISTOBAL NORTE;6017946462;Bogota D.C.;Bogota, D.C.;3301;33;asoliga@asoliga.org.co;;NULL;Melissa;3162578652;JUAN VICENTE PAEZ OSPINA;NO;ACTIVO;20/05/2026 14:36
42;860058070;CONSTRUCTORA COLPATRIA S.A.S;CR 54 A 127 A 45;6016439080;Bogota D.C.;Bogota, D.C.;3301;33;impuestos@constructoracolpatria.com;Constructora;6;ALEJANDRA SUAREZ;3107997892;JUAN VICENTE PAEZ OSPINA;NO;ACTIVO;20/05/2026 14:36
43;860070301;CRUZ ROJA COLOMBIANA SECCIONAL CUNDINAMARCA Y BOGOTA;CR 23 73 19;6017460909;Bogota D.C.;Bogota, D.C.;3301;33;fe.proveedores@cruzrojabogota.org.co;;NULL;CATALINA ACOSTA PRIETO;3204343912;JUAN VICENTE PAEZ OSPINA;NO;ACTIVO;20/05/2026 14:36
44;860071887;SERVIALAMBRE S.A.S;CR 70B 22 79 SUR;3118112624;Bogota D.C.;Bogota, D.C.;3301;33;servialambresas@gmail.com;;NULL;GLADYS VILLAVECES;3118112624;JUAN VICENTE PAEZ OSPINA;NO;ACTIVO;20/05/2026 14:36
45;860509527;CONSTRUCTORA OBREVAL SA;CL 49 13 33 P. 14;6013382688;Bogota D.C.;Bogota, D.C.;3301;33;860509527@factureinbox.co;Constructora;6;0;0;JUAN VICENTE PAEZ OSPINA;NO;ACTIVO;20/05/2026 14:36
46;860514664;INDUSTRIAS SAAD S.A.;KM 5 9 AUT MEDELLIN ENTRADA POR FESTO PARQUE INDUS;6018966497;Tenjo;Cundinamarca;1497;14;financiera@modultec-saad.com;;NULL;MARCELA LEGIZAMON;3134671823;JUAN VICENTE PAEZ OSPINA;NO;ACTIVO;20/05/2026 14:36
47;890326425;COMPAÑIA DE CONTROL DE CONTAMINACION DE COLOMBIA C-4 S.A.S. EN REORGANIZACION;CL 13 27 A 05 ACOPI;3108238839;Yumbo;Valle Del Cauca;3041;30;0;;NULL;FABIO;3108238839;JUAN VICENTE PAEZ OSPINA;NO;ACTIVO;20/05/2026 14:36
48;890906388;PROCOPAL S.A.;AUT NORTE KM 25 EN A GIRARDOTA DIAG A EPM;6044441188;Girardota;Antioquia;251;2;mariae.santana@procopal.com;;NULL;LUISA FERNANDA MEDINA VILLEGAS;3118897907;JUAN VICENTE PAEZ OSPINA;NO;ACTIVO;20/05/2026 14:36
49;890911431;CONINSA SAS;CL 55 45 55;6045116199;Medellin;Antioquia;201;2;procesoscontables@coninsa.com;;NULL;JOYVER RUÍZ CLAVIJO;3002161238;JUAN VICENTE PAEZ OSPINA;NO;ACTIVO;20/05/2026 14:36
50;890926257;INMEL INGENIERIA S.A.S.;INMEL INGENIERIA S.A.S;6043222218;Medellin;Antioquia;NULL;NULL;inmel@inmel.com.co;Constructora;6;MAURICIO CASAFUS;3113775670;JUAN VICENTE PAEZ OSPINA;NO;ACTIVO;20/05/2026 14:36
51;890981947;CORPORACION CLUB CAMPESTRE.;CL 16 A SUR 34 950;6043259000;Medellin;Antioquia;201;2;neil.calvo@clubcampestre.com.co;;NULL;NEIL ALEXANDER CALVO;3017836492;JUAN VICENTE PAEZ OSPINA;NO;ACTIVO;20/05/2026 14:36
52;891800498;DEPARTAMENTO DE BOYACA;CL 20 9 90;6087420150;Tunja;Boyacá;601;6;contactenos@boyaca.gov.co;;NULL;MARIA FERNANDA DIAZ;3214493844;JUAN VICENTE PAEZ OSPINA;NO;ACTIVO;20/05/2026 14:36
53;892099324;MUNICIPIO DE VILLAVICENCIO;CL 40 33 64 BRR CENTRO;6086724521;Villavicencio;Meta;2001;20;dircontabilidad.villavicencio@gmail.com;;NULL;LAURA HERNANDEZ;3138481809;JUAN VICENTE PAEZ OSPINA;NO;ACTIVO;20/05/2026 14:36
54;899999124;UNIVERSIDAD PEDAGOGICA NACIONAL;CL 72 11 86;6013485300;Bogota D.C.;Bogota, D.C.;3301;33;dfn@pedagogica.edu.co;;NULL;DAVID BUITRAGO;3103017662;JUAN VICENTE PAEZ OSPINA;NO;ACTIVO;20/05/2026 14:36
55;899999433;MUNICIPIO DE FUNZA;Cr 14 13 05;6018234070;Funza;Cundinamarca;1429;14;correspondencia@funza-cundinamarca.gov.co;;NULL;PAOLA VILLAMIL;3016579829;JUAN VICENTE PAEZ OSPINA;NO;ACTIVO;20/05/2026 14:36
56;900007786;AGROPECUARIA LA RIOJA S.A.S.;CR 27 C 23 SUR 51 CA 156;6045437315;Envigado;Antioquia;247;2;agrolariojasas@gmail.com;;NULL;MAURICIO ROJAS;3122869642;JUAN VICENTE PAEZ OSPINA;NO;ACTIVO;20/05/2026 14:36
57;900020452;DISEFER LTDA;CR 26 12 B 79;6012013280;Bogota D.C.;Bogota, D.C.;3301;33;diseferltda@yahoo.es;;NULL;SEBASTIAN RICO;3164653649;JUAN VICENTE PAEZ OSPINA;NO;ACTIVO;20/05/2026 14:36
58;900024921;PROYECTOS E INGENIERIA DE LA SABANA PROINSA SAS;CL 19 3 A 89 ESTE TO 23 AP 302 CON PIAMONTE;6018281997;Madrid;Cundinamarca;1455;14;proinsaing@gmail.com;;NULL;ING LEONARDO;3123715568;JUAN VICENTE PAEZ OSPINA;NO;ACTIVO;20/05/2026 14:36
59;900032476;CENTRO COMERCIAL PASEO SAN RAFAEL - PROPIEDAD HORIZONTAL;AC 134 55 32;2537811;Bogota D.C.;Bogota, D.C.;3301;33;asistentecontabilidad@cursa.com.co;;NULL;PAULA DANIELA VARGAS;3163592312;JUAN VICENTE PAEZ OSPINA;NO;ACTIVO;20/05/2026 14:36
60;900032839;CONSORCIO GRUPO CONSTRUCTOR AUTOPISTAS DEL CAFÉ;CL 24A 59 42 TO 3 P 10;6016501919;Bogota D.C.;Bogota, D.C.;3301;33;facturacion@grupoconstructorakf.com;Constructora;6;LAURA OROZCO;3227183141;JUAN VICENTE PAEZ OSPINA;NO;ACTIVO;20/05/2026 14:36
61;900049238;CONSTRUCTORES CONSULTORES PLUS S A S;CR 5 69 27 OF 201 OF 201 A;6016946267;Bogota D.C.;Bogota, D.C.;3301;33;contabilidad@plusco.co;Constructora;6;RODOLFO MESTRE;3202329085;JUAN VICENTE PAEZ OSPINA;NO;ACTIVO;20/05/2026 14:36
62;900053855;INGENIERIA APLICADA A LA FORJA LIMITADA;CL 16 28 A 1 50 BRR SAN ANTONIO;3127683178;Tulua;Valle Del Cauca;3036;30;ingeforja@yahoo.es;;NULL;MARIO HERRERA;3167524384;JUAN VICENTE PAEZ OSPINA;NO;ACTIVO;20/05/2026 14:36
63;900054514;CORTAMOS Y DOBLAMOS S.A.;CR 48 78 C SUR 68;6042885017;Sabaneta;Antioquia;287;2;info@cortamosydoblamos.com;;NULL;OLMES GIRALDO;3203229536;JUAN VICENTE PAEZ OSPINA;NO;ACTIVO;20/05/2026 14:36
64;900061096;FERRACEROS SAS;CR 49 81 SUR 30;6046046393;Sabaneta;Antioquia;287;2;eliana.araque@ferbienes.com;;NULL;CAMILO RIOS;3183402770;JUAN VICENTE PAEZ OSPINA;NO;ACTIVO;20/05/2026 14:36
65;900108696;NUEVO MONDONEDO SA ESP;KM 9 VIA MOSQUERA - LAMESA;3012414107;Mosquera;Cundinamarca;1458;14;compras@nuevomondonedo.com;;NULL;OLGA RUIZ;3045686404;JUAN VICENTE PAEZ OSPINA;NO;ACTIVO;20/05/2026 14:36
66;900122962;2K INVERSIONES Y SERVICIOS SOCIEDAD POR ACCIONES SIMPLIFICADAS;CR 70 C 53 45;6012362215;Bogota D.C.;Bogota, D.C.;3301;33;facturacion@2kinse.co;;NULL;EDUARD GUERRA;3118245166;JUAN VICENTE PAEZ OSPINA;NO;ACTIVO;20/05/2026 14:36
67;900156264;NUEVA EPS;CR 11 7 46 BRR SUCRE;3115501987;Bogota D.C.;Bogota, D.C.;3301;33;tributaria@nuevaeps.com.co;;NULL;JORGE ALEJANDRO;3115501987;JUAN VICENTE PAEZ OSPINA;NO;ACTIVO;20/05/2026 14:36
68;900181825;HD MOVIMIENTO SAS;CR 27 13 53;6017048200;Bogota D.C.;Bogota, D.C.;3301;33;facturas@hdmovimientosas.com;;NULL;DIEGO BARBOSA;3168743690;JUAN VICENTE PAEZ OSPINA;NO;ACTIVO;20/05/2026 14:36
69;900182037;MASTERPLAN INGENIERIA Y CIA LTDA;AK 7 155C 20 P 34;3174305755;Bogota D.C.;Bogota, D.C.;3301;33;info@masterplan.com.co;;NULL;LEIDY DANIELA MARTÍNEZ F;3182825434;JUAN VICENTE PAEZ OSPINA;NO;ACTIVO;20/05/2026 14:36
70;900207628;ENERLIM S.A E.S.P.;AUT MED BOG K M 26 PARQUE INDUSTRIAL CINCUENTENARIO PIC VDA LA HONDA;6043755500;Guarne;Antioquia;255;2;enerlim@une.net.co;;NULL;CRISTIAN DAZA;3136199509;JUAN VICENTE PAEZ OSPINA;NO;ACTIVO;20/05/2026 14:36
71;900253790;INVERSIONES Y SERVICIOS INDUSTRIALES S.A.S.;CR 20 8 A 38 BRR PRIMAVERA;3112763416;Villavicencio;Meta;2001;20;info@isi-ingenieros.com;;NULL;PEDRO LOPEZ;3112763416;JUAN VICENTE PAEZ OSPINA;NO;ACTIVO;20/05/2026 14:36
72;900255893;PHYTOPHARMA FOODS SAS;CL 90 49A 44 TO 2 202;3132091521;Bogota D.C.;Bogota, D.C.;3301;33;facturacion@phytopharmafoods.com;;NULL;DANIEL GONZALEZ;3204134482;JUAN VICENTE PAEZ OSPINA;NO;ACTIVO;20/05/2026 14:36
73;900277518;EMPRESA DE SERVICIOS INTEGRALES DE INGENIERIA Y CONSTRUCCION (EMSIC S.A.S.);CARRETERA VARIANTE POZON POLICARPA K M 2 20;6056631258;Cartagena;Bolívar;501;5;info@emsicsas.com.co;Constructora;6;RAFAEL STEER;3126981243;JUAN VICENTE PAEZ OSPINA;NO;ACTIVO;20/05/2026 14:36
74;900281957;ANGULAR CONSTRUCCIONES S.A.S.;CL 33 A 81 81;6044163388;Medellin;Antioquia;201;2;angularsas@msn.com;Constructora;6;SANDRO ZAPATA;3023203054;JUAN VICENTE PAEZ OSPINA;NO;ACTIVO;20/05/2026 14:36
75;900298747;ACCESS DIGITAL SAS;CL 8 6 19 O F 202;3103439431;Ramiriqui;Boyacá;676;6;recepcionfacturas@accessdigital.com.co;;NULL;HUGO ROJAS;3103439431;JUAN VICENTE PAEZ OSPINA;NO;ACTIVO;20/05/2026 14:36
76;900303038;CONJUNTO CERRADO LA PASTORITA;AV 19 23 A NORTE 21;3182150131;Armenia;Antioquia;216;2;lapastoritaconjuntocerrado@gmail.com;;NULL;IVAN;3044299814;JUAN VICENTE PAEZ OSPINA;NO;ACTIVO;20/05/2026 14:36
77;900308216;SERVICIOS Y MONTAJES INGENERIA S.A.S;VDA GUAYABAL CA 8;3155028992;Orito;Putumayo;2303;23;facturacion@symontajes.com;;NULL;ANGELA NATHALIA NARVAEZ PASTAS;3108205127;JUAN VICENTE PAEZ OSPINA;NO;ACTIVO;20/05/2026 14:36
78;900325497;CARBONES LA FORTUNA S A S;CR 6 2A 55;3134301627;Guacheta;Cundinamarca;1438;14;carboneslafortuna@outlook.com;Conjuntos residenciales;11;MIGUEL AVENDAÑO|;3134301627;JUAN VICENTE PAEZ OSPINA;NO;ACTIVO;25/05/2026 9:11
79;900346807;CENTRO MAYOR CENTRO COMERCIAL PH;CL 38 A SUR 34 D 51;6017342048;Bogota D.C.;Bogota, D.C.;3301;33;contador@centromayorcc.com;;NULL;DANIELA;3155631099;JUAN VICENTE PAEZ OSPINA;NO;ACTIVO;20/05/2026 14:36
80;900373970;ECOCIVIL INGENIEROS S.A.S.;VDA PIEDRAS BLANCAS KM 1 180 CRR SANTA ELENA;3167434683;Medellin;Antioquia;201;2;administracion@ecocivilingenieros.com;;NULL;GENESIS CORREA;3045343457;JUAN VICENTE PAEZ OSPINA;NO;ACTIVO;20/05/2026 14:36
81;900378435;SERVICIOS ESPECIALIZADOS DE TURBINAS S A S;K M 7 AUT MEDELLIN COSTADO SUR PAR INDUSTRIAL INTERPARK LT 41 BG 1;6018269631;Funza;Cundinamarca;1429;14;fabian.riveros@serviturbinas.com;;NULL;ANA SANTIAGO;3114879273;JUAN VICENTE PAEZ OSPINA;NO;ACTIVO;20/05/2026 14:36
82;900380293;CONSTRUCCIONES ARQUICONS ARQUITECTOS E INGENIEROS LTDA;CL 130 58 20 OF 301;3170784736;Bogota D.C.;Bogota, D.C.;3301;33;analista.admon@arquicons.co;Constructora;6;NATAN QUINTERO;3170784736;JUAN VICENTE PAEZ OSPINA;NO;ACTIVO;20/05/2026 14:36
83;900388800;IMPORTADORA Y COMERCIALIZADORA PETROLERA S A S;CR 13 A 5 A 20 BG 24 A CONJ INDUSTRIAL PORVENIR 2;3012846420;Mosquera;Cundinamarca;1458;14;gerencia@imcopetrol.com;;NULL;DANIEL PULIDO;3192124950;JUAN VICENTE PAEZ OSPINA;NO;ACTIVO;20/05/2026 14:36
84;900396406;CONJUNTO RESIDENCIAL VILLAS DEL HOYO 2 - PROPIEDAD HORIZONTAL;CL 15 27 70;3102776969;Funza;Cundinamarca;1429;14;villasdelhoyo2@gmail.com;;NULL;CLARA INES ROZO;3102776969;JUAN VICENTE PAEZ OSPINA;NO;ACTIVO;20/05/2026 14:36
85;900409416;GROUP AFRIMET S.A.S;CR 25 SUR 48 A 14 AP 337;6014648510;Bogota D.C.;Bogota, D.C.;3301;33;facturasafrimetsas@gmail.com;;NULL;EDWAR AFRICANO;3004382553;JUAN VICENTE PAEZ OSPINA;NO;ACTIVO;20/05/2026 14:36
86;900409769;ASESORIAS URBANAS RURALES S.A.S;AV 19 118 30 OF 602;6017683574;Bogota D.C.;Bogota, D.C.;3301;33;0;;NULL;HAROLD;3214814080;JUAN VICENTE PAEZ OSPINA;NO;ACTIVO;20/05/2026 14:36
87;900419383;HBJ INGENIERIA S.A.S;BRR MANGA CR 22 28 34;3013436524;Cartagena;Bolívar;501;5;epatino78@hotmail.com;;NULL;CARLOS OLIVO;3016514463;JUAN VICENTE PAEZ OSPINA;NO;ACTIVO;20/05/2026 14:36
88;900421219;AGRUPACION ZONA FRANCA DE OCCIDENTE - PROPIEDAD HORIZONTAL;AV TRONCAL OCCIDENTE N° 20 - 85 VARIANTE MOSQUERA MADRID;3134517344;Bogota D.C.;Bogota, D.C.;3301;33;adminagrupacion@zonafrancaoccidente.com;;NULL;YENNY AGUIRRE;3046194219;JUAN VICENTE PAEZ OSPINA;NO;ACTIVO;20/05/2026 14:36
89;900422814;AGRA FEED SAS;CL 106 50 67 CC GRAN BOULEVARD OF 209;3008117826;Barranquilla;Atlántico;401;4;contador@fcm.net.co;;NULL;IVAN BARROS;3016443454;JUAN VICENTE PAEZ OSPINA;NO;ACTIVO;20/05/2026 14:36
90;900439672;ACTUAL CONSTRUCTORA S. A. S;AV CR 7 156 10 ED CENTRO EMPRESARIAL NORTH POINT TO KRISTAL OF 2004;6018844328;Bogota D.C.;Bogota, D.C.;3301;33;contador@iactual.co;Constructora;6;HEIDY MILENA RAMIREZ;3213341592;JUAN VICENTE PAEZ OSPINA;NO;ACTIVO;20/05/2026 14:36
91;900443253;INALCRIBAS SAS;KM 23 VIA BOGOTA - TOCANCIPA PARQUE INDUSTRIAL UNIVERSAL BG 4;60174050506;Tocancipa;Cundinamarca;14101;14;facturacionelectronica@inalcribas.com.co;;NULL;VALENTINA LEGUIZAMON;3504379421;JUAN VICENTE PAEZ OSPINA;NO;ACTIVO;20/05/2026 14:36
92;900444953;INGENIERIA Y GESTION DE LA CALIDAD Y MEDIO AMBIENTE SAS;KM 3 7 VIA SIBERIA-COTA VDA PARCELAS PA 63 CONJ QUERUBIN;3212127116;Cota;Cundinamarca;1421;14;contabilidad.ingeqma@gmail.com;;NULL;JUAN PABLO CRISTO;3212127116;JUAN VICENTE PAEZ OSPINA;NO;ACTIVO;20/05/2026 14:36
93;900445452;CIFRIC SAS;BRR BOSQUE TV 54 19 52;3015008010;Cartagena;Bolívar;501;5;suministros@latelier.com.co;;NULL;ZOLAIMA PEREZ;3022161851;JUAN VICENTE PAEZ OSPINA;NO;ACTIVO;20/05/2026 14:36
94;900458019;FREYSSINET TIERRA ARMADA COLOMBIA SAS;CL 119 13 51 OF 301;6017442757;Bogota D.C.;Bogota, D.C.;3301;33;julian.lopez@vinci-construction.com;;NULL;JULIAN LOPEZ;3174395279;JUAN VICENTE PAEZ OSPINA;NO;ACTIVO;20/05/2026 14:36
95;900515890;GESTION  VIAL  INTEGRAL  SAS;CR 70F 125B 43;6017552783;Bogota D.C.;Bogota, D.C.;3301;33;facturacion@g-vial.com;;NULL;STEVEN BETANCOURT;3172191580;JUAN VICENTE PAEZ OSPINA;NO;ACTIVO;20/05/2026 14:36
96;900532591;INGELOGIN SOCIEDAD LIMITADA;K R 13 37 43 OF 404;3132089799;Bogota D.C.;Bogota, D.C.;3301;33;auxiliaring@ingelogin.com;;NULL;MARTHA RUIZ;3138855589;JUAN VICENTE PAEZ OSPINA;NO;ACTIVO;20/05/2026 14:36
97;900540736;SERVISOLUCIONES AGRICOLAS FOM S.A.S;KM 1 VIA SIBERIA PAR AGROINDUSTRIAL DE OCCIDENTE PH;3144519394;Bogota D.C.;Bogota, D.C.;3301;33;serviagricolas.fom@gmail.com;;NULL;GABRIEL ALVAREZ;3125944108;JUAN VICENTE PAEZ OSPINA;NO;ACTIVO;20/05/2026 14:36
98;900557498;JEDISMAR S.A.S.;CR 68 H 32 34 SUR;6013475886;Bogota D.C.;Bogota, D.C.;3301;33;contabilidad.jedismar@gmail.com;;NULL;JOHANNA VALDERRAMA;3132099077;JUAN VICENTE PAEZ OSPINA;NO;ACTIVO;20/05/2026 14:36
99;900602262;VALPROSER S.A.S;VEREDA ACEITE ALTO DETRÁS DE PETROINCO;3134247664;Tauramena;Casanare;917;9;valprosersas@hotmail.com;;NULL;ING FERNANDA GIRALDO;3134247664;JUAN VICENTE PAEZ OSPINA;NO;ACTIVO;20/05/2026 14:36
100;900636021;METALICAS CRS SAS;CL 138 149 34 BRR SAN PEDRO TIBABUYES;6015356794;Bogota D.C.;Bogota, D.C.;3301;33;indumetalrozo@hotmail.com;;NULL;DAVID ROZO;3106987181;JUAN VICENTE PAEZ OSPINA;NO;ACTIVO;20/05/2026 14:36
101;900664871;PRODUCTOS ALIMENTICIOS DOGGER S.A.S.;CR 65 A 13 175 LC 31 A;6043333232;Medellin;Antioquia;201;2;notificaciones@dogger.com.co;;NULL;HENRY VELASQUEZ;3132375352;JUAN VICENTE PAEZ OSPINA;NO;ACTIVO;20/05/2026 14:36
102;900680051;METALPRO ESTRUCTURALES SAS;CRA 68 54A 94 SUR;3205807200;Bogota D.C.;Bogota, D.C.;3301;33;metalpro.garcia@hotmail.com;;NULL;OSCAR GARCIA;3205807200;JUAN VICENTE PAEZ OSPINA;NO;ACTIVO;20/05/2026 14:36
103;900694730;FRANCOAL S.A.S.;VEREDA PATAGUY KILOMETRO 3 VIA LA FABRICA (!) BARRIO VDA PATAGUY;3115219851;Samaca;Boyacá;681;6;contabilidad@francoal.com.co;;NULL;XIMENA REYES;3104620018;JUAN VICENTE PAEZ OSPINA;NO;ACTIVO;20/05/2026 14:36
104;900700630;INSTALACIONES & MANTENIMIENTOS J B  S A S;CR 22 58 26 SUR CA 111;3118324405;Bogota D.C.;Bogota, D.C.;3301;33;juliobustos3070@gmail.com;;NULL;JULIIO BUSTOS;3118324405;JUAN VICENTE PAEZ OSPINA;NO;ACTIVO;20/05/2026 14:36
105;900704010;MALLAS Y CERRAMIENTOS DE COLOMBIA SAS;DG 65 46 182;3115427677;Barrancabermeja;Santander;2707;27;macercolbarranca@hotmail.com;;NULL;MARLON;3024480103;JUAN VICENTE PAEZ OSPINA;NO;ACTIVO;20/05/2026 14:36
106;900729574;CICO CONSTRUCCIONES SAS;CL 62 21 21;6013481560;Bogota D.C.;Bogota, D.C.;3301;33;contabilidad@mgingsa.com.co;Constructora;6;CRISTIAN RAMIREZ;3003514458;JUAN VICENTE PAEZ OSPINA;NO;ACTIVO;20/05/2026 14:36
107;900730695;ASERTEC S.A.S;CR 32A 22 99 BRR ALVERNIA;6022253652;Tulua;Valle Del Cauca;3036;30;contacto@asertecsas.com;;NULL;DIEGO MOSQUERA;3165245943;JUAN VICENTE PAEZ OSPINA;NO;ACTIVO;20/05/2026 14:36
108;900738676;HIRAM ABI CONSULTORIA Y GESTION PROYECTOS DE CONSTRUCCION S.A.S.;DG 48 18 45 AP 604;3186901147;Bogota D.C.;Bogota, D.C.;3301;33;construcciones.hiram@gmail.com;Constructora;6;LUIS ALFONSO MORENO;3203996011;JUAN VICENTE PAEZ OSPINA;NO;ACTIVO;20/05/2026 14:36
109;900754437;COLOMBIANA DE SERVICIOS COLSERVICIOS CS SAS;CL 29 D 55 131 OF 201;3185484649;Medellin;Antioquia;201;2;cartera@colamp.com;;NULL;JORGE GARCIA;3185484612;JUAN VICENTE PAEZ OSPINA;NO;ACTIVO;20/05/2026 14:36
110;900773288;CONSTRUCCIONES DURAN S.A.S.;CL 137 85 40 TO 2 D AP 602;3045770409;Bogota D.C.;Bogota, D.C.;3301;33;construcciones.duran@hotmail.com;Constructora;6;RAFAEL DURAN;3045770409;JUAN VICENTE PAEZ OSPINA;NO;ACTIVO;20/05/2026 14:36
111;900775265;P&E INDUMETALICAS S.A.S;CR 1A ESTE 16 33;6018296027;Mosquera;Cundinamarca;1458;14;peindumetalicas@hotmail.com;;NULL;JOSE GUILLERMO PARRA;3005245840;JUAN VICENTE PAEZ OSPINA;NO;ACTIVO;20/05/2026 14:36
112;900780828;SERVICIOS PROFESIONALES INTEGRADOS DE INGENIERIA S A S;CR 22 80 42;3155702554;Bogota D.C.;Bogota, D.C.;3301;33;contabilidad@serviproing.com;;NULL;EDWIN MONTOYA;3132975554;JUAN VICENTE PAEZ OSPINA;NO;ACTIVO;20/05/2026 14:36
113;900786651;PROYECTOS ESTRUCTURALES CHR SAS;CR 99 72 74;3102335753;Bogota D.C.;Bogota, D.C.;3301;33;proyectosestructuraleschr@gmail.com;;NULL;CATHERINE ROJAS DIAZ;3004278099;JUAN VICENTE PAEZ OSPINA;NO;ACTIVO;20/05/2026 14:36
114;900796721;AVINUTRIR S A S;km5, via abasticos -ubaque, vereda rincon grande;3104315140;Caqueza;Cundinamarca;1413;14;jefemantenimiento@avinutrir.com;;NULL;JORGE NEIL;3104315140;JUAN VICENTE PAEZ OSPINA;NO;ACTIVO;20/05/2026 14:36
115;900814668;CONSTRUCCIONES DFL SAS;CR 71 C 53 A 10 SUR;6019252730;Bogota D.C.;Bogota, D.C.;3301;33;facturaciondfl@hotmail.com;Constructora;6;GLORIA DAZA;3134421809;JUAN VICENTE PAEZ OSPINA;NO;ACTIVO;20/05/2026 14:36
116;900889434;F Y E FERRETERIA SAS;CR 36 4B 44;6013700970;Bogota D.C.;Bogota, D.C.;3301;33;facturacion.electronica@fyeferreteria.com;;NULL;JAIME LOZADA;3106499862;JUAN VICENTE PAEZ OSPINA;NO;ACTIVO;20/05/2026 14:36
117;900893797;SIELCO INGENIERIA SAS;CR 28 84 45;6018052907;Bogota D.C.;Bogota, D.C.;3301;33;administracion@sielco.com.co;;NULL;DOÑA YOLIMA;3114733785;JUAN VICENTE PAEZ OSPINA;NO;ACTIVO;20/05/2026 14:36
118;900901673;OVATUS CONSULTORIA Y CONSTRUCCION S.A.S;CR 13 38 76 OF 501;3156719011;Bogota D.C.;Bogota, D.C.;3301;33;ovatuscc@gmail.com;Constructora;6;CAMILO MORALES;3107793391;JUAN VICENTE PAEZ OSPINA;NO;ACTIVO;20/05/2026 14:36
119;900911572;CONSTRUCCIONES Q S.A.S;CR 22 17 325 OF 1036;3148864941;Medellin;Antioquia;201;2;corrego@grupo-q.com;Constructora;6;ING JULIANA CARMONA;3137074089;JUAN VICENTE PAEZ OSPINA;NO;ACTIVO;20/05/2026 14:36
120;900924609;INDUSTRIAL 180 SAS;CL 63 D 70 D 37;6017498360;Bogota D.C.;Bogota, D.C.;3301;33;facturaelectronica@industrial180.com;;NULL;SRA MARYORIS;3046332989;JUAN VICENTE PAEZ OSPINA;NO;ACTIVO;20/05/2026 14:36
121;900926431;INGENIERIA Y CONSTRUCCIONES FJ S.A.S.;CL 12 16 A 28 BRR EL CARMEN;3016779220;Plato;Magdalena;1918;19;fjdian2020@gmail.com;Constructora;6;JESUS JIMENEZ;3215551822;JUAN VICENTE PAEZ OSPINA;NO;ACTIVO;20/05/2026 14:36
122;900942686;INGENIUR CONSTRUCTORES CONSULTORES S A S;CR 3 3 58 SUR;3105823989;Sopo;Cundinamarca;1488;14;ingeniurcc@gmail.com;Constructora;6;ING ALEJANDRO RODRIGUEZ;3105823989;JUAN VICENTE PAEZ OSPINA;NO;ACTIVO;20/05/2026 14:36
123;900943521;PERFILES Y ROLADOS EL IMAN S.A.S.;CL 11 18 109;6087714516;Sogamoso;Boyacá;698;6;hierroseliman@hotmail.com;;NULL;RONAL BELLO;3102675292;JUAN VICENTE PAEZ OSPINA;NO;ACTIVO;20/05/2026 14:36
124;900949398;ZONA DE PROYECTOS IMPORTACIONES S.A.S.;CR 21 64 A 33 OF 1306 ED MULTIPLAZA;3114349679;Manizales;Caldas;701;7;admin@zonadeproyectos.com;;NULL;ARQ. CAROLINA;3206339943;JUAN VICENTE PAEZ OSPINA;NO;ACTIVO;20/05/2026 14:36
125;900962771;ESMET INGENIERIA S.A.S;LC 58 BRR PRIMERO DE MAYO;3188655748;Villavicencio;Meta;2001;20;contabilidad@esmetingenieria.com;;NULL;ANGIE RODRIGUEZ;3142388282;JUAN VICENTE PAEZ OSPINA;NO;ACTIVO;20/05/2026 14:36
126;900968937;JULIO C. GOMEZ S.A.S;MZ 5 CA 4 BRR APROVITEF;3103260737;Flandes;Tolima;2918;29;contacto@juliocgomezsas.com;;NULL;JAVIER GOMEZ;3223054177;JUAN VICENTE PAEZ OSPINA;NO;ACTIVO;20/05/2026 14:36
127;901011629;BRAVO&BRAVO CONSTRUCCIONES CIVILES SAS;CL 60 SUR 64 89;6016758443;Bogota D.C.;Bogota, D.C.;3301;33;bravoconstruci@gmail.com;Constructora;6;ING ALEJANDRO;3123748797;JUAN VICENTE PAEZ OSPINA;NO;ACTIVO;20/05/2026 14:36
128;901017839;ACVL S.A.S.;CR 86 15 A 91;3183761856;Bogota D.C.;Bogota, D.C.;3301;33;queretaro.contador@gmail.com;;NULL;MONICA CASTIBLANCO;3202379621;JUAN VICENTE PAEZ OSPINA;NO;ACTIVO;20/05/2026 14:36
129;901018164;ARIAS AREAS SAS;DG 35 33 07 AP 202;3012028280;Sincelejo;Sucre;2801;28;contabilidad@ariasareas.com;;NULL;SANTIAGO VELASQUEZ;3017560841;JUAN VICENTE PAEZ OSPINA;NO;ACTIVO;20/05/2026 14:36
130;901033044;MORA & ASOCIADOS SAS;CL 2 34 36 AP 3;3134186173;Bogota D.C.;Bogota, D.C.;3301;33;contabilidadmorasociados@gmail.com;;NULL;JUAN GUILLERMO MARIN;3224961997;JUAN VICENTE PAEZ OSPINA;NO;ACTIVO;20/05/2026 14:36
131;901043458;SOLUCIONES INDUSTRIALES D&D S.A.S.;CL 21 17 41;3167821519;Bucaramanga;Santander;2701;27;sisasdyd@gmail.com;;NULL;RONALD DE ARMAS;3124096960;JUAN VICENTE PAEZ OSPINA;NO;ACTIVO;20/05/2026 14:36
132;901056197;ENFATECH SAS;CL 74B 68H 52;3502077071;Bogota D.C.;Bogota, D.C.;3301;33;enfatechsas@gmail.com;;NULL;WILSON AMAYA;3502077071;JUAN VICENTE PAEZ OSPINA;NO;ACTIVO;20/05/2026 14:36
133;901068018;G Y BARRIOS CONSTRUCTORES S.A.S;CR 88 MZ 170 LT 11 AP 3 BRR POZON;3002195285;Cartagena;Bolívar;501;5;gybarriosconstructores@gmail.com;Constructora;6;NILSON GARCIA BARRIOS;3184508349;JUAN VICENTE PAEZ OSPINA;NO;ACTIVO;20/05/2026 14:36
134;901082929;ELECTRICOS E INGENIERIAS RL S.A.S;CL 38 A 9 16 SUR;3157037388;Bogota D.C.;Bogota, D.C.;3301;33;rey.electric@outlook.com;;NULL;REY LOPEZ;3157037388;JUAN VICENTE PAEZ OSPINA;NO;ACTIVO;20/05/2026 14:36
135;901104594;GRUPO INDUSTRIAL SANABRIA S.A.S.;AV CIRCUNVALAR 10 53;6088731912;Neiva;Huila;1701;17;contabilidad.facturasgis@gmail.com;;NULL;JEISON SANABRIA;3158311912;JUAN VICENTE PAEZ OSPINA;NO;ACTIVO;20/05/2026 14:36
136;901119151;ECO INVERSIONES DE COLOMBIA SAS;AV CL 26 69 76 TO 3 OF 1501 ED ELEMENTO;3244066305;Bogota D.C.;Bogota, D.C.;3301;33;ecoinversionesdecolombia@gmail.com;;NULL;CAMILO LOPEZ;3244066305;JUAN VICENTE PAEZ OSPINA;NO;ACTIVO;20/05/2026 14:36
137;901129875;TRANSPORTE DE CARGA EXTREMO S A S;CL 46 23 06 BRR CIMARRON;6086320772;Yopal;Casanare;901;9;contabilidad@transportedecargaextremo.com;;NULL;SRA PILAR;3133339257;JUAN VICENTE PAEZ OSPINA;NO;ACTIVO;20/05/2026 14:36
138;901142631;HIERROS Y ACEROS DEL CARIBE S.A.S.;CL 44 46 126;3107245099;Barranquilla;Atlántico;401;4;hya.facturacionelectronica@outlook.com;;NULL;AMALIA;3107245099;JUAN VICENTE PAEZ OSPINA;NO;ACTIVO;20/05/2026 14:36
139;901143498;DEFENCE COLOMBIA SAS;TV 22 29 19 OF 505;3102792286;Zipaquira;Cundinamarca;14116;14;facturacion@defencecolombia.com;;NULL;FIDEL DURAN;3102792286;JUAN VICENTE PAEZ OSPINA;NO;ACTIVO;20/05/2026 14:36
140;901161840;OPTABANDAS SAS;CR 55 29 95;3005908773;Medellin;Antioquia;201;2;optabandas@gmail.com;;NULL;JOSE ECHEVERRI;3204833757;JUAN VICENTE PAEZ OSPINA;NO;ACTIVO;20/05/2026 14:36
141;901164615;INDUSTRIAS P Y P S.A.S;CL 44 SUR 68 D 17;6012384800;Bogota D.C.;Bogota, D.C.;3301;33;industriaspypsas@gmail.com;;NULL;PEDRO PABLO PUENTES;3203328366;JUAN VICENTE PAEZ OSPINA;NO;ACTIVO;20/05/2026 14:36
142;901172614;DYSOLAR DISEÑOS Y SOLUCIONES ARQUITECTONICAS S.A.S;CL 128 97 24;3103010160;Bogota D.C.;Bogota, D.C.;3301;33;dysolar.dsa@gmail.com;;NULL;CARLOS PABON;3103010160;JUAN VICENTE PAEZ OSPINA;NO;ACTIVO;20/05/2026 14:36
143;901179291;GRUPO EMPRESARIAL IFC S.A.S.;CR 2 A 57 79;3102260664;Cali;Valle Del Cauca;3001;30;grupoempresarialifc@gmail.com;;NULL;FELIPE FAJARDO;3218508266;JUAN VICENTE PAEZ OSPINA;NO;ACTIVO;20/05/2026 14:36
144;901185503;FERRETERIA TODO HIERRO Y ACERO SAS;CL 71 27 45 BRR LA LIBERTAD;317573542;Barrancabermeja;Santander;2707;27;facturacion@todohierroyacero.com;;NULL;XIOMARA CASTILLO;3169641524;JUAN VICENTE PAEZ OSPINA;NO;ACTIVO;20/05/2026 14:36
145;901207972;GRUPO MOV S.A.S;CR 79 42 38;3215314304;Medellin;Antioquia;201;2;grupomovsas@gmail.com;;NULL;MIGUEL LARRAHONDA;3165761360;JUAN VICENTE PAEZ OSPINA;NO;ACTIVO;20/05/2026 14:36
146;901214448;INDUMALLAS Y ESTRUCTURAS SAS;CL 11 A SUR 29D 62;8055729;Bogota D.C.;Bogota, D.C.;3301;33;indumallasyestructuras@gmail.com;;NULL;YOLIMA GALINDO;3184024356;JUAN VICENTE PAEZ OSPINA;NO;ACTIVO;20/05/2026 14:36
147;901233749;INVESTMENTS GROUP S.A.S.;CR 79 42 63;3146358804;Medellin;Antioquia;201;2;groupinvestments35@gmail.com;;NULL;MIGUEL LARRAHONDO;3165761360;JUAN VICENTE PAEZ OSPINA;NO;ACTIVO;20/05/2026 14:36
148;901251912;MORERA CONSTRUCCIONES MC SAS;CR 96 157 45;3013228444;Bogota D.C.;Bogota, D.C.;3301;33;facturacion@moreraconstrucciones.com.co;Constructora;6;JOHAN VILLARREAL;3013228444;JUAN VICENTE PAEZ OSPINA;NO;ACTIVO;20/05/2026 14:36
149;901252089;TROQUELES Y ALUMINIOS DE COLOMBIA SAS;CL 161 15 50;6019279889;Bogota D.C.;Bogota, D.C.;3301;33;gerencia@troquea.com;;NULL;OSLED VALENCIA BERNAL;313370340;JUAN VICENTE PAEZ OSPINA;NO;ACTIVO;20/05/2026 14:36
150;901265216;INGENIERIA DEMOLICIONES Y EXCAVACIONES J.D S.A.S;CL 2 A N 7 B 10 BRR SEVILLA;3108522777;Cucuta;Norte De Santander;2201;22;ingenieriajdb@gmail.com;;NULL;WILLIAM BECERRA;3108522777;JUAN VICENTE PAEZ OSPINA;NO;ACTIVO;20/05/2026 14:36
151;901270188;CR MOBILIARIO S.A.S;CL 27 65 C 38;307737782;Medellin;Antioquia;201;2;0;;NULL;PAULA SUAREZ;3054826353;JUAN VICENTE PAEZ OSPINA;NO;ACTIVO;20/05/2026 14:36
152;901304061;ARANDANO CONJUNTO RESIDENCIAL;CR 31 33 98;3224151462;Soacha;Cundinamarca;1487;14;arandanoadmon25@gmail.com;;NULL;CARLOS PABON;3224151462;JUAN VICENTE PAEZ OSPINA;NO;ACTIVO;20/05/2026 14:36
153;901328488;SERVICE AND SUPPLY DRJ S.A.S;CL 53 19 30 32 BRR TORCOROMA;3162824986;Barrancabermeja;Santander;2707;27;contabilidad@drjser.com;;NULL;LAURA MARCELA RUIZ;3046113513;JUAN VICENTE PAEZ OSPINA;NO;ACTIVO;20/05/2026 14:36
154;901337193;GLOBAL SUPPLIES SOLUTIONS S.A.S.;CL 77 65 37 OF 115;6053425424;Barranquilla;Atlántico;401;4;facturacion@globalsuppliessolutions.com;;NULL;VALENTINA MERIÑO;3117657201;JUAN VICENTE PAEZ OSPINA;NO;ACTIVO;20/05/2026 14:36
155;901349829;INGENIERIA L & M S.A.S.;CL 15 6 69;3165371418;Hatonuevo;La Guajira;1808;18;lym.ingsas@gmail.com;;NULL;ERICK LAMADRID;3165371418;JUAN VICENTE PAEZ OSPINA;NO;ACTIVO;20/05/2026 14:36
156;901354392;SEEKETING COLOMBIA SAS;CR 11B 98 08;3153338800;Bogota D.C.;Bogota, D.C.;3301;33;monicamartinezg2011@gmail.com;;NULL;EDUARDO DELGADO;3153338800;JUAN VICENTE PAEZ OSPINA;NO;ACTIVO;20/05/2026 14:36
157;901359175;OGGUN INGENIERIA COLOMBIA S.A.S.;CL 192 7 22;3204053385;Bogota D.C.;Bogota, D.C.;3301;33;ogguningenieria@gmail.com;;NULL;ING JORGE CIFUENTES;3204053385;JUAN VICENTE PAEZ OSPINA;NO;ACTIVO;20/05/2026 14:36
158;901380034;CONSORCIO GR3;CL 54 A BIS 16 09 OF 305;6013129314;Bogota D.C.;Bogota, D.C.;3301;33;0;;NULL;Sra ANA;3004059926;JUAN VICENTE PAEZ OSPINA;NO;ACTIVO;20/05/2026 14:36
159;901384636;COP ENGINEERING AND SERVICES SAS;CALLE 70 SUR 17 K 24 BRR LUCERO BAJO;3105553074;Bogota D.C.;Bogota, D.C.;3301;33;gerencia@cope.com.co;;NULL;ALEXA COCK;3133233645;JUAN VICENTE PAEZ OSPINA;NO;ACTIVO;20/05/2026 14:36
160;901386168;SOMEK INGENIERIA SAS;CR 1 A 13 10;6012329432;Bogota D.C.;Bogota, D.C.;3301;33;facturacion@somek.com.co;;NULL;YESICA PARRA;3143945408;JUAN VICENTE PAEZ OSPINA;NO;ACTIVO;20/05/2026 14:36
161;901391853;SLC ASSOCIATION S.A.S.;CR 21 158 65 TO 3 AP 804;3013312628;Floridablanca;Santander;2733;27;slcassociationsas@gmail.com;;NULL;LEONOR RUBIO;3150476622;JUAN VICENTE PAEZ OSPINA;NO;ACTIVO;20/05/2026 14:36
162;901394285;MALLAS GAVIONES Y CERRAMIENTOS SAS;CL 6 32 38;7326677;Bogota D.C.;Bogota, D.C.;3301;33;mazmallasventas1@gmail.com;;NULL;ANA HURTADO;3124545268;JUAN VICENTE PAEZ OSPINA;NO;ACTIVO;20/05/2026 14:36
163;901397900;DIMALCCO PUBLICIDAD SAS;CL 43 9 58 BRR LEON XIII;3144173891;Soacha;Cundinamarca;1487;14;williamdimalcco@outlook.com;;NULL;MARIA PARRA;3202442907;JUAN VICENTE PAEZ OSPINA;NO;ACTIVO;20/05/2026 14:36
164;901430921;GRUPO ESCALAR COLOMBIA SAS;CL 30 35A 09;6018017740;Bogota D.C.;Bogota, D.C.;3301;33;administracion@grupo-escalar.co;;NULL;FERNANDO PRIETO;3164973548;JUAN VICENTE PAEZ OSPINA;NO;ACTIVO;20/05/2026 14:36
165;901435257;INVERSORES SANTANGELO SAS;KM 11 VIA ORIENTE SEC BUESAQUILLO;3162587230;Pasto;Nariño;2101;21;pibcontabilidad@gmail.com;;NULL;JUAN DANIEL BRAVO SOLANO;3167438377;JUAN VICENTE PAEZ OSPINA;NO;ACTIVO;20/05/2026 14:36
166;901443393;INGENIERIA SERRANO SAS;CR 15 11 17;3234368911;Chia;Cundinamarca;1416;14;ingenieriaser1@gmail.com;;NULL;JUAN CARLOS SERRANO;3234368911;JUAN VICENTE PAEZ OSPINA;NO;ACTIVO;20/05/2026 14:36
167;901444146;MULTIACEROS B&M SAS;CL 28 13 25 27;6703829;Bucaramanga;Santander;2701;27;facturacioncomprasmultiaceros@hotmail.com;;NULL;LUIS ANTONIO NIÑO CONTRERAS;3142114304;JUAN VICENTE PAEZ OSPINA;NO;ACTIVO;20/05/2026 14:36
168;901456977;GRAINCON SAS;CL 67 28B 36 AP 801 B ED BOSQUES DE CANTABRIA P A;3167426888;Manizales;Caldas;701;7;graincon.rl@gmail.com;;NULL;HECTOR ALARCON;3167426888;JUAN VICENTE PAEZ OSPINA;NO;ACTIVO;20/05/2026 14:36
169;901488309;ECOBALANCE TECHNOLOGIES SAS;CR 15 88 21 OF 702;3112512642;Bogota D.C.;Bogota, D.C.;3301;33;fernando.perez@ecobalance.tech;;NULL;FERNANDIO PEREZ;3112512642;JUAN VICENTE PAEZ OSPINA;NO;ACTIVO;20/05/2026 14:36
170;901498409;ELENST S A S;CL 80 69Q 51;3015185662;Bogota D.C.;Bogota, D.C.;3301;33;contabilidad@elenst.com;;NULL;VALENTINA HERRERA;3015185662;JUAN VICENTE PAEZ OSPINA;NO;ACTIVO;20/05/2026 14:36
171;901500464;EKOACCION S.A.S BIC;CR 12 79 50 OF 703;3197674824;Bogota D.C.;Bogota, D.C.;3301;33;n.rico@ekoaccion.com;;NULL;ANDRES TORRES;3176803281;JUAN VICENTE PAEZ OSPINA;NO;ACTIVO;20/05/2026 14:36
172;901502363;CONSTRUCCIONES M&T SAS;CR 84 77 A 11;3114788053;Bogota D.C.;Bogota, D.C.;3301;33;construccionesmyt@gmail.com;Constructora;6;ANDRES JIMENEZ;3114788053;JUAN VICENTE PAEZ OSPINA;NO;ACTIVO;20/05/2026 14:36
173;901510483;CONSTRUALP SAS;CL 11 4 39;3173664580;Tocancipa;Cundinamarca;14101;14;construalpsas@gmail.com;Constructora;6;ALEJANDRO PORRAS;3173664580;JUAN VICENTE PAEZ OSPINA;NO;ACTIVO;20/05/2026 14:36
174;901511522;EMPRESA PÚBLICA DEL MUNICIPIO DE SOACHA, EPUXUA AVANZA E.I.C.E.;CR 7 A 18 57;3105791696;Soacha;Cundinamarca;1487;14;contabilidad@epuxua.gov.co;;NULL;ARQ. MAURICIO CORREA;3184748729;JUAN VICENTE PAEZ OSPINA;NO;ACTIVO;20/05/2026 14:36
175;901514754;WM INGENIERIA COMPANY SAS;CL 70 A 70 B 71;3133060561;Bogota D.C.;Bogota, D.C.;3301;33;wmingenieria89@gmail.com;;NULL;WILMER CAMILO MENDEZ NIETO;3133060561;JUAN VICENTE PAEZ OSPINA;NO;ACTIVO;20/05/2026 14:36
176;901515923;ESPECIALISTAS DEL DISEÑO Y CONSTRUCCCION SAS;CR 8 172 A 85 IN 2 AP 205;3136844113;Bogota D.C.;Bogota, D.C.;3301;33;dicoimpuestos@hotmail.com;Constructora;6;ING ALEXANDER ROMERO;3136844113;JUAN VICENTE PAEZ OSPINA;NO;ACTIVO;20/05/2026 14:36
177;901519173;HERRAJES EN ACERO INOXIDABLE SAS;CR 20 A 27 27;3003654272;Bogota D.C.;Bogota, D.C.;3301;33;herrainoxsas@gmail.com;;NULL;ANDREY GALEANO;3003654272;JUAN VICENTE PAEZ OSPINA;NO;ACTIVO;20/05/2026 14:36
178;901529116;SCALA GROUP PROYECTOS S.A.S.;CR 10 22 65 NIVEL 2;3204450870;Barbosa;Antioquia;217;2;scalagroupproyectos@gmail.com;;NULL;ELKIN GONZALEZ;3107740671;JUAN VICENTE PAEZ OSPINA;NO;ACTIVO;20/05/2026 14:36
179;901532176;BAM DISENO, INGENIERIA Y CONSTRUCCION SAS;CL 78 80A 55;316610317;Bogota D.C.;Bogota, D.C.;3301;33;bamingyconstr@gmail.com;Constructora;6;SILVANO CARLOS;3112167697;JUAN VICENTE PAEZ OSPINA;NO;ACTIVO;20/05/2026 14:36
180;901535430;INDUSTRIAS CG SAS;CL 27 36 163 LC 101;3103614612;Marinilla;Antioquia;269;2;carlosmariog308@gmail.com;;NULL;KELLY VALENCIA;3126202818;JUAN VICENTE PAEZ OSPINA;NO;ACTIVO;20/05/2026 14:36
181;901542901;CONSTRUCTORA E INMOBILIARIA HABITAR MFW S.A.S;CR 8 11A ESQ. BRR SAN MARTIN;3102590167;Orito;Putumayo;2303;23;constructorahabitarmfw@gmail.com;Constructora;6;WILLIAM VILLARREAL;3102590167;JUAN VICENTE PAEZ OSPINA;NO;ACTIVO;20/05/2026 14:36
182;901544704;CONSORCIO PROBOGOTA 22;CR 15 90 64 OF 402;6016017333;Bogota D.C.;Bogota, D.C.;3301;33;contabilidad@jmvingenieros.com;;NULL;LILIANA PRIETO;3005370337;JUAN VICENTE PAEZ OSPINA;NO;ACTIVO;20/05/2026 14:36
183;901548890;CONSORCIO REFORZAMIENTO PTCC 2022;CR 13 96 67 OF 516 ED AKORI;6013459450;Bogota D.C.;Bogota, D.C.;3301;33;arga@pytinfraestructura.com;;NULL;FREDY LOMBANA;3014881882;JUAN VICENTE PAEZ OSPINA;NO;ACTIVO;20/05/2026 14:36
184;901555711;ESCALA PLAN SAS;CL 4 6 39 IN 201;3112512582;Cajica;Cundinamarca;1411;14;escalaplan2022@gmail.com;;NULL;EFRAIN MONTES FORERO;3112512582;JUAN VICENTE PAEZ OSPINA;NO;ACTIVO;20/05/2026 14:36
185;901587636;LA RESERVA DISEÑO Y CONSTRUCCION S.A.S.;CR 9 5 A 95 BRR LAS AVENIDAS;3203028060;Florencia;Caquetá;801;8;lareservaclubhouse@gmail.com;Constructora;6;YINA MARCELA OCHOA JARAMILLO;3203028060;JUAN VICENTE PAEZ OSPINA;NO;ACTIVO;20/05/2026 14:36
186;901589646;INVERGLOBAL INTEGRAL SAS;CR 18E 46 29;3023889005;Sincelejo;Sucre;2801;28;inverglobalintegralsas2022@gmail.com;;NULL;ING CARLOS LOPEZ;3015568586;JUAN VICENTE PAEZ OSPINA;NO;ACTIVO;20/05/2026 14:36
187;901613227;G ARQUITECTURA  CONSTRUCCIONES Y DISENO  SAS;CL 94 A 13 59 OF 201;3158702234;Bogota D.C.;Bogota, D.C.;3301;33;facturacion@garquitecturayproyectos.com;Constructora;6;SANDRA SANDOVAL;3108872744;JUAN VICENTE PAEZ OSPINA;NO;ACTIVO;20/05/2026 14:36
188;901627524;CONSORCIO INGEPLAN-IIA;CL 77 11 19 OF 602;3209391842;Bogota D.C.;Bogota, D.C.;3301;33;juanpablo.munoz@gmail.co;;NULL;JUAN ESTEBAN MONCADA;3164497262;JUAN VICENTE PAEZ OSPINA;NO;ACTIVO;20/05/2026 14:36
189;901644378;ALEXANDER BENAVIDES CONSTRUCCIONES Y AIRES ACONDICIONADOS SAS;CLL 17 A NRO. 16-14 PARTE ALTA;3209187793;Ibague;Tolima;2901;29;construcciones072020@gmail.com;Constructora;6;ALEXANDER BENAVIDES;3209187793;JUAN VICENTE PAEZ OSPINA;NO;ACTIVO;20/05/2026 14:36
190;901682342;GLOBAL INGENIERÍA & MONTAJES SAS;VDA VERGANZO SECTOR GOMEZ;3103456887;Tocancipa;Cundinamarca;14101;14;globalingenieriasas2023@gmail.com;;NULL;ALFREDO VANEGAS;3008368366;JUAN VICENTE PAEZ OSPINA;NO;ACTIVO;20/05/2026 14:36
191;901682855;LC CONSTRUCCIONES, MANTENIMIENTOS Y SERVICIOS S.A.S.;CR 14 4499 ED RINCON DE MARBELLA APTO 601 BRR MARBELLA;3145128322;Cartagena;Bolívar;501;5;lccomaser@gmail.com;Constructora;6;LUIS ALBERTO;3145128322;JUAN VICENTE PAEZ OSPINA;NO;ACTIVO;20/05/2026 14:36
192;901694308;CONSORCIO MEJORAMIENTOS EDURURALES 2023;CL 23 12 19 OF 702;3008021416;Bogota D.C.;Bogota, D.C.;3301;33;0;;NULL;JESUS SALGADO;3004400866;JUAN VICENTE PAEZ OSPINA;NO;ACTIVO;20/05/2026 14:36
193;901695681;LAP INGENIERIA Y SOLUCIONES INTEGRALES  SAS;MZ 38 LT 14 BRR NUEVO BOSQUE;3112269743;Cartagena;Bolívar;501;5;lapingenieriasoluciones@gmail.com;;NULL;ING WILMER SABALZA;3112269743;JUAN VICENTE PAEZ OSPINA;NO;ACTIVO;20/05/2026 14:36
194;901724184;SABANA PÁDEL SAS;CL 3 NO. 3 E - 116 CONJ HUERTAS DE CAJICA III CA 19;3142120688;Cajica;Cundinamarca;1411;14;sabanapadel23@gmail.com;;NULL;NICOLÁS JIMÉNEZ;3012711105;JUAN VICENTE PAEZ OSPINA;NO;ACTIVO;20/05/2026 14:36
195;901737194;SERVICIOS MONTAJES MALLAS Y CONSTRUCCIONES SEMCO DC S.A.S.;CL 24 11 47;3134186546;Bucaramanga;Santander;2701;27;semcocsas@gmail.com;Constructora;6;STALIN MURCIA;3163467529;JUAN VICENTE PAEZ OSPINA;NO;ACTIVO;20/05/2026 14:36
196;901738346;WILPAR SOLUCIONES INDUSTRIALES SAS;CL 48 22 87;3103219120;Neira;Caldas;714;7;wilparsolucionesindustriales@gmail.com;;NULL;WILFREDO MUÑOZ ESPINOZA;3150032894;JUAN VICENTE PAEZ OSPINA;NO;ACTIVO;20/05/2026 14:36
197;901760429;CONSORCIO BETHEL;CL 13 5 77;6012658754;San Andres;San Andres Y Providencia;2601;26;axioma.ingenieria@gmail.com;;NULL;JUAN MANUEL PABON;3143130895;JUAN VICENTE PAEZ OSPINA;NO;ACTIVO;20/05/2026 14:36
198;901761595;UNION TEMPORAL MARIPI2023;CL 24 10 16 OF 104;3125919250;Tunja;Boyacá;601;6;cobingsas@gmail.com;;NULL;JOSE LOPEZ;3166665535;JUAN VICENTE PAEZ OSPINA;NO;ACTIVO;20/05/2026 14:36
199;901766544;CONSORCIO M&G;CL 74 # 15 - 80 OF 704 IN 2;3013703963;Bogota D.C.;Bogota, D.C.;NULL;NULL;grupomymsas1@gmail.com;Consorcio;45;CHRISTOPHER SALAZAR;3134824139;JUAN VICENTE PAEZ OSPINA;NO;ACTIVO;20/05/2026 14:36
200;901767904;UNION TEMPORAL EDIFICACION CAR;TV 47 A 21 57 BRR EL BOSQUE;3213929800;Cartagena;Bolívar;501;5;utedificacioncar@gmail.com;;NULL;ANA MARIA AVILES;3150611000;JUAN VICENTE PAEZ OSPINA;NO;ACTIVO;20/05/2026 14:36
201;901781786;CONSORCIO CONSTRUCTOR H.M.I.;CL 74 75 B 20;6016609105;Bogota D.C.;Bogota, D.C.;3301;33;contabilidad@servinci.com;Constructora;6;ANGELA TORRES;3163711230;JUAN VICENTE PAEZ OSPINA;NO;ACTIVO;20/05/2026 14:36
202;901794456;PIMACOM DISTRIBUCIONES S A S;CR 44 25 75;3125572167;Medellin;Antioquia;201;2;pimacomdistribucioness@gmail.com;;NULL;CAMILA RODRIGUEZ;3227483675;JUAN VICENTE PAEZ OSPINA;NO;ACTIVO;20/05/2026 14:36
203;901801138;METALICAS ELGO SAS;CL 96 94 P 14;3006659654;Bogota D.C.;Bogota, D.C.;3301;33;elgope70@gmail.com;;NULL;ELIECER GOMEZ;3006659654;JUAN VICENTE PAEZ OSPINA;NO;ACTIVO;20/05/2026 14:36
204;901817724;DISTRIBUIDORA LA ALIANZA DC SAS;CR 106 18 58;3134773067;Bogota D.C.;Bogota, D.C.;3301;33;lymapepin@hotmail.com;;NULL;Sra MARISOL;3134773067;JUAN VICENTE PAEZ OSPINA;NO;ACTIVO;20/05/2026 14:36
205;901830389;TUBOS LAMINAS Y CUBIERTAS DEL ESPINAL S.A.S;MNZ 11 CASA P11 BRR BALCANES;3214485176;Espinal;Tolima;2916;29;tlcespi@hotmail.com;;NULL;NELSON VARGAS;3227236757;JUAN VICENTE PAEZ OSPINA;NO;ACTIVO;20/05/2026 14:36
206;901839894;ARGECOR SAS;CR 101 C NO. 141 - 30;3143690561;Bogota D.C.;Bogota, D.C.;3301;33;gerencia@argecor.com;;NULL;ORLEANS ROMERO;3143690561;JUAN VICENTE PAEZ OSPINA;NO;ACTIVO;20/05/2026 14:36
207;901843491;SOLTEC M.I. SAS;VDA EL VERGANZO SECTOR ESCUELA;3216878151;Tocancipa;Cundinamarca;14101;14;soltec2322@gmail.com;;NULL;JESUS ANDRES OROZCO;3005363855;JUAN VICENTE PAEZ OSPINA;NO;ACTIVO;20/05/2026 14:36
208;901874161;CANINOS PRIME SAS;CR 18 59 SUR 14;3138588914;Bogota D.C.;Bogota, D.C.;3301;33;caninosprime1@gmail.com;;NULL;MIGUEL ESPAÑA;3138588914;JUAN VICENTE PAEZ OSPINA;NO;ACTIVO;20/05/2026 14:36
209;901880021;CONSORCIO INNOVACION 24;CR 29 B 71 43;3145146878;Bogota D.C.;Bogota, D.C.;3301;33;consorcioinnovacion24@gamil.com;;NULL;ARQ JULIETH BERNAL;3156167845;JUAN VICENTE PAEZ OSPINA;NO;ACTIVO;20/05/2026 14:36
210;901896795;CONSORCIO PARQUE LA PASCUALA 2024;CL 12 15 60 BRR MONTECARLO;3114384330;Bogota D.C.;Bogota, D.C.;3301;33;obarreto1903@gmail.com;;NULL;SANDY BARRETO;3145363097;JUAN VICENTE PAEZ OSPINA;NO;ACTIVO;20/05/2026 14:36
211;901899984;CONSORCIO SUBESTACIONES;CR 31 A # 28 - 21;3115890819;Yopal;Casanare;901;9;consorciosubestaciones@gmail.com;;NULL;CESAR CARDENAS ROLDAN;3115890819;JUAN VICENTE PAEZ OSPINA;NO;ACTIVO;20/05/2026 14:36
212;901900732;CONSORCIO MAR VERDE CV;CR 13 90 36 OF 402;6016112840;Bogota D.C.;Bogota, D.C.;3301;33;contein@contein.com.co;;NULL;ARQ. PATRICIA ASTROS;3144461307;JUAN VICENTE PAEZ OSPINA;NO;ACTIVO;20/05/2026 14:36
213;901920231;NEW MILLENNIUM SERVICES S.A.S;CR 10B ESTE 21 38 SUR;3174621043;Bogota D.C.;Bogota, D.C.;3301;33;nmscorporativo@gmail.com;;NULL;DANIEL GARZON;3175997942;JUAN VICENTE PAEZ OSPINA;NO;ACTIVO;20/05/2026 14:36
214;901924140;MEGA PROYECTOS SM SAS;CR 94 A NO. 6 40 TO 12 AP 402;3155301776;Bogota D.C.;Bogota, D.C.;NULL;NULL;megaproyectossmadm@gmail.com;Constructora;6;IVAN MONICO;3206120592;JUAN VICENTE PAEZ OSPINA;NO;ACTIVO;20/05/2026 14:36
215;901931671;ORNAMETÁLICAS RB S.A.S.;CR 27 NO. 29 A 31;3193590285;Bogota D.C.;Bogota, D.C.;NULL;NULL;ornametalicasrb@outlook.com;Fábricas;17;RAFAEL BEJARANO;3163959112;JUAN VICENTE PAEZ OSPINA;NO;ACTIVO;20/05/2026 14:36
216;901940203;PROYETTA S.A.S;CALLE 62 3 28 AP 408;3232296852;Bogota D.C.;Bogota, D.C.;NULL;NULL;proyettasas@gmail.com;Constructora;6;ANDRES TORRES;3176803281;JUAN VICENTE PAEZ OSPINA;NO;ACTIVO;20/05/2026 14:36
217;901940354;MALLAS CERRAMIENTOS E INGENIERIA S.A.S;CL 8 H 6 SD BRR EL CAMPESTRE;3135994984;Cartagena;Bolívar;NULL;NULL;aristizabalingenieriasas@gmail.com;Constructora;6;DAYANA ARISTIZABAL;3008556767;JUAN VICENTE PAEZ OSPINA;NO;ACTIVO;20/05/2026 14:36
218;901959152;CAMION ORIENTAL S.A.S.;CR 1A 5A 18;3246853937;Chia;Cundinamarca;NULL;NULL;gerencia.camionoriental@gmail.com;Empresas de transporte;39;DIEGO GONZALEZ;3246853937;JUAN VICENTE PAEZ OSPINA;NO;ACTIVO;20/05/2026 14:36
219;904830006;VYG PROYECTOS S.A.S.;DG 46 SUR 50 22 OF 307;3112353592;Bogota D.C.;Bogota, D.C.;NULL;NULL;facturacionvygproyectos@gmail.com;Constructora;6;FELIPE CASTRO;3133227953;JUAN VICENTE PAEZ OSPINA;NO;ACTIVO;20/05/2026 14:36
